nexar_id,original_video,upload_timestamp,index_status,total_segments,chunk_duration_sec,uploaded_copies
00002,s3://team-49-vss-chunks/team-49/20261002_195330_79983ad5.mp4,2026-10-02T19:53:30.750578,full,2,10.17,1
00009,s3://team-49-vss-chunks/team-49/20261002_195332_e80076d4.mp4,2026-10-02T19:53:32.334925,full,2,9.58,1
00020,s3://team-49-vss-chunks/team-49/20261002_195334_d3c5985d.mp4,2026-10-02T19:53:34.249850,full,2,9.15,1
00030,s3://team-49-vss-chunks/team-49/20261002_195336_f0371b6f.mp4,2026-10-02T19:53:36.608465,full,2,10.07,1
00035,s3://team-49-vss-chunks/team-49/20261002_195337_c825a840.mp4,2026-10-02T19:53:37.790619,full,2,10.43,1
00038,s3://team-49-vss-chunks/team-49/20261002_195338_3710e546.mp4,2026-10-02T19:53:38.620072,full,2,9.97,1
00045,s3://team-49-vss-chunks/team-49/20261002_195339_04ce3625.mp4,2026-10-02T19:53:39.767316,full,3,10.69,1
00051,s3://team-49-vss-chunks/team-49/20261002_195340_d8955229.mp4,2026-10-02T19:53:40.821781,full,2,10.07,1
00067,s3://team-49-vss-chunks/team-49/20261002_195342_70c5aeb6.mp4,2026-10-02T19:53:42.061841,full,2,9.57,1
00070,s3://team-49-vss-chunks/team-49/20261002_195343_1342652f.mp4,2026-10-02T19:53:43.015911,full,2,9.93,1
00075,s3://team-49-vss-chunks/team-49/20261002_195343_6fc5a037.mp4,2026-10-02T19:53:43.837975,full,2,9.63,1
00087,s3://team-49-vss-chunks/team-49/20261002_195344_ca215512.mp4,2026-10-02T19:53:44.775605,full,2,9.41,1
00091,s3://team-49-vss-chunks/team-49/20261002_195345_3986a178.mp4,2026-10-02T19:53:45.612017,full,2,9.94,1
00092,s3://team-49-vss-chunks/team-49/20261002_195346_4eac9073.mp4,2026-10-02T19:53:46.651799,full,2,10.07,1
00094,s3://team-49-vss-chunks/team-49/20261002_195347_e67852db.mp4,2026-10-02T19:53:47.310284,full,2,9.8,1
00101,s3://team-49-vss-chunks/team-49/20261002_195348_b8b70b39.mp4,2026-10-02T19:53:48.074840,full,2,10.17,1
00107,s3://team-49-vss-chunks/team-49/20261002_195348_08600a94.mp4,2026-10-02T19:53:48.713540,full,2,10.13,1
00113,s3://team-49-vss-chunks/team-49/20261002_195349_323301b6.mp4,2026-10-02T19:53:49.575224,full,3,10.57,1
00116,s3://team-49-vss-chunks/team-49/20261002_195351_3854b874.mp4,2026-10-02T19:53:51.421370,full,2,10.26,1
00120,s3://team-49-vss-chunks/team-49/20261002_195352_91ffc574.mp4,2026-10-02T19:53:52.197302,full,2,10.03,1
00137,s3://team-49-vss-chunks/team-49/20261002_195353_05b2b6f0.mp4,2026-10-02T19:53:53.395691,full,3,10.5,1
00146,s3://team-49-vss-chunks/team-49/20261002_195354_6230ee16.mp4,2026-10-02T19:53:54.596404,full,2,9.46,1
00156,s3://team-49-vss-chunks/team-49/20261002_195355_2ed5d61e.mp4,2026-10-02T19:53:55.325057,full,2,9.67,1
00159,s3://team-49-vss-chunks/team-49/20261002_195355_68c840f8.mp4,2026-10-02T19:53:55.837644,full,2,9.67,1
00161,s3://team-49-vss-chunks/team-49/20261002_195356_c9900bfd.mp4,2026-10-02T19:53:56.358720,full,2,10.23,1
00176,s3://team-49-vss-chunks/team-49/20261002_195356_f8052f3a.mp4,2026-10-02T19:53:56.960949,full,2,9.87,1
00185,s3://team-49-vss-chunks/team-49/20261002_195357_254535d3.mp4,2026-10-02T19:53:57.504808,full,2,10.17,1
00193,s3://team-49-vss-chunks/team-49/20261002_195358_975288cc.mp4,2026-10-02T19:53:58.714717,full,2,10.3,1
00196,s3://team-49-vss-chunks/team-49/20261002_195359_c309e611.mp4,2026-10-02T19:53:59.918505,full,2,9.5,1
00204,s3://team-49-vss-chunks/team-49/20261002_195400_4e1eb766.mp4,2026-10-02T19:54:00.543769,full,2,9.63,1
00211,s3://team-49-vss-chunks/team-49/20261002_195402_5cd4a797.mp4,2026-10-02T19:54:02.051896,full,2,10.44,1
00215,s3://team-49-vss-chunks/team-49/20261002_195402_22e9f5fe.mp4,2026-10-02T19:54:02.601478,full,2,10.17,1
00219,s3://team-49-vss-chunks/team-49/20261002_195403_cb56cae3.mp4,2026-10-02T19:54:03.102489,full,2,10.13,1
00221,s3://team-49-vss-chunks/team-49/20261002_195403_c3decc17.mp4,2026-10-02T19:54:03.634349,full,3,10.57,1
00230,s3://team-49-vss-chunks/team-49/20261002_195404_6310ffea.mp4,2026-10-02T19:54:04.170444,full,2,9.93,1
00231,s3://team-49-vss-chunks/team-49/20261002_195404_9826974c.mp4,2026-10-02T19:54:04.609863,full,2,9.87,1
00258,s3://team-49-vss-chunks/team-49/20261002_195405_26d690b6.mp4,2026-10-02T19:54:05.160799,full,2,9.87,1
00261,s3://team-49-vss-chunks/team-49/20261002_195405_731c1eda.mp4,2026-10-02T19:54:05.574399,full,2,9.01,1
00267,s3://team-49-vss-chunks/team-49/20261002_195406_ad89b4ce.mp4,2026-10-02T19:54:06.248076,full,2,9.84,1
00268,s3://team-49-vss-chunks/team-49/20261002_195406_66c1600d.mp4,2026-10-02T19:54:06.954834,full,2,9.47,1
00277,s3://team-49-vss-chunks/team-49/20261002_195408_e006c07b.mp4,2026-10-02T19:54:08.121075,full,2,10.0,1
00278,s3://team-49-vss-chunks/team-49/20261002_195408_5f184fe9.mp4,2026-10-02T19:54:08.931978,full,2,9.4,1
00279,s3://team-49-vss-chunks/team-49/20261002_195410_0bdb0696.mp4,2026-10-02T19:54:10.073535,full,2,9.97,1
00280,s3://team-49-vss-chunks/team-49/20261002_195411_8a7d2525.mp4,2026-10-02T19:54:11.052127,full,2,9.87,1
00297,s3://team-49-vss-chunks/team-49/20261002_195412_41db7efb.mp4,2026-10-02T19:54:12.878323,full,2,10.1,1
00299,s3://team-49-vss-chunks/team-49/20261002_195413_615f649a.mp4,2026-10-02T19:54:13.941267,full,2,9.87,1
00304,s3://team-49-vss-chunks/team-49/20261002_195414_810aed9d.mp4,2026-10-02T19:54:14.695027,full,2,9.97,1
00305,s3://team-49-vss-chunks/team-49/20261002_195416_45a845a7.mp4,2026-10-02T19:54:16.092620,full,2,10.17,1
00316,s3://team-49-vss-chunks/team-49/20261002_195416_89c26d7a.mp4,2026-10-02T19:54:16.945863,full,2,10.1,1
00322,s3://team-49-vss-chunks/team-49/20261002_195417_50d37b8b.mp4,2026-10-02T19:54:17.664974,full,2,9.83,1
00323,s3://team-49-vss-chunks/team-49/20261002_195419_c178a015.mp4,2026-10-02T19:54:19.672425,full,2,10.43,1
00338,s3://team-49-vss-chunks/team-49/20261002_195421_242db665.mp4,2026-10-02T19:54:21.649009,full,2,9.83,1
00346,s3://team-49-vss-chunks/team-49/20261002_195422_f9bde401.mp4,2026-10-02T19:54:22.799529,full,2,10.1,1
00347,s3://team-49-vss-chunks/team-49/20261002_195423_67001148.mp4,2026-10-02T19:54:23.800963,full,2,10.27,1
00350,s3://team-49-vss-chunks/team-49/20261002_195424_5c11ab7e.mp4,2026-10-02T19:54:24.567034,full,2,10.4,1
00374,s3://team-49-vss-chunks/team-49/20261002_195425_b107d0b7.mp4,2026-10-02T19:54:25.186462,full,2,9.23,1
00385,s3://team-49-vss-chunks/team-49/20261002_195426_76d6eb5c.mp4,2026-10-02T19:54:26.667586,full,2,10.03,1
00386,s3://team-49-vss-chunks/team-49/20261002_195427_0cad1b2c.mp4,2026-10-02T19:54:27.675688,full,2,9.73,1
00390,s3://team-49-vss-chunks/team-49/20261002_195428_acb661a8.mp4,2026-10-02T19:54:28.541262,full,2,9.4,1
00399,s3://team-49-vss-chunks/team-49/20261002_195430_3c8763d1.mp4,2026-10-02T19:54:30.012941,full,2,9.87,1
00400,s3://team-49-vss-chunks/team-49/20261002_195430_5f6cc118.mp4,2026-10-02T19:54:30.768244,full,2,10.07,1
00419,s3://team-49-vss-chunks/team-49/20261002_195432_80c7c9fd.mp4,2026-10-02T19:54:32.156384,full,2,9.47,1
00421,s3://team-49-vss-chunks/team-49/20261002_195433_0b7f3968.mp4,2026-10-02T19:54:33.433757,full,3,10.9,1
00432,s3://team-49-vss-chunks/team-49/20261002_195434_9d32fb2d.mp4,2026-10-02T19:54:34.322542,full,2,10.3,1
00436,s3://team-49-vss-chunks/team-49/20261002_195435_78ca4f8b.mp4,2026-10-02T19:54:35.130693,full,2,9.77,1
00439,s3://team-49-vss-chunks/team-49/20261002_195435_e12e0aa8.mp4,2026-10-02T19:54:35.693061,full,2,10.17,1
00448,s3://team-49-vss-chunks/team-49/20261002_195437_15189ec5.mp4,2026-10-02T19:54:37.988450,full,2,9.8,1
00451,s3://team-49-vss-chunks/team-49/20261002_195438_e945796e.mp4,2026-10-02T19:54:38.691934,full,2,9.93,1
00462,s3://team-49-vss-chunks/team-49/20261002_195439_ff86d3c7.mp4,2026-10-02T19:54:39.895491,full,2,9.8,1
00482,s3://team-49-vss-chunks/team-49/20261002_195440_11ad4b14.mp4,2026-10-02T19:54:40.555247,full,2,10.46,1
00484,s3://team-49-vss-chunks/team-49/20261002_195441_3498eed4.mp4,2026-10-02T19:54:41.656466,full,2,9.86,1
00492,s3://team-49-vss-chunks/team-49/20261002_195442_86188640.mp4,2026-10-02T19:54:42.588364,full,2,9.84,1
00511,s3://team-49-vss-chunks/team-49/20261002_195443_b4c2bbdc.mp4,2026-10-02T19:54:43.405636,full,2,9.66,1
00535,s3://team-49-vss-chunks/team-49/20261002_195444_d5e28263.mp4,2026-10-02T19:54:44.014583,full,2,9.9,1
00545,s3://team-49-vss-chunks/team-49/20261002_195444_2be3dbaf.mp4,2026-10-02T19:54:44.518430,full,2,9.7,1
00548,s3://team-49-vss-chunks/team-49/20261002_195445_67489ef5.mp4,2026-10-02T19:54:45.311763,full,3,10.53,1
00559,s3://team-49-vss-chunks/team-49/20261002_195445_40c1b5a6.mp4,2026-10-02T19:54:45.986587,full,2,9.83,1
00561,s3://team-49-vss-chunks/team-49/20261002_195446_d8a1ccd2.mp4,2026-10-02T19:54:46.590844,full,2,9.37,1
00572,s3://team-49-vss-chunks/team-49/20261002_195449_9afdf499.mp4,2026-10-02T19:54:49.860664,full,2,9.86,1
00612,s3://team-49-vss-chunks/team-49/20261002_195453_790bf3b3.mp4,2026-10-02T19:54:53.485914,full,2,10.31,1
00619,s3://team-49-vss-chunks/team-49/20261002_195454_dfc2078f.mp4,2026-10-02T19:54:54.754383,full,2,9.9,1
00620,s3://team-49-vss-chunks/team-49/20261002_195456_ef0a71a9.mp4,2026-10-02T19:54:56.190004,full,2,10.27,1
00628,s3://team-49-vss-chunks/team-49/20261002_195459_a7f4af00.mp4,2026-10-02T19:54:59.137652,full,3,10.53,1
00631,s3://team-49-vss-chunks/team-49/20261002_195500_e140aed9.mp4,2026-10-02T19:55:00.813880,full,2,10.3,1
00649,s3://team-49-vss-chunks/team-49/20261002_195502_46d902b1.mp4,2026-10-02T19:55:02.091527,full,2,9.67,1
00654,s3://team-49-vss-chunks/team-49/20261002_195504_9326d78b.mp4,2026-10-02T19:55:04.053789,full,2,10.2,1
00681,s3://team-49-vss-chunks/team-49/20261002_195506_07ab2b17.mp4,2026-10-02T19:55:06.251475,full,2,9.6,1
00689,s3://team-49-vss-chunks/team-49/20261002_195508_b575ff8c.mp4,2026-10-02T19:55:08.059272,full,2,9.54,1
00708,s3://team-49-vss-chunks/team-49/20261002_195509_95351968.mp4,2026-10-02T19:55:09.190498,full,2,10.03,1
00711,s3://team-49-vss-chunks/team-49/20261002_195512_16cdde74.mp4,2026-10-02T19:55:12.577819,full,2,9.73,1
00717,s3://team-49-vss-chunks/team-49/20261002_195515_296080e8.mp4,2026-10-02T19:55:15.380350,full,2,10.13,1
00720,s3://team-49-vss-chunks/team-49/20261002_195518_a3168f83.mp4,2026-10-02T19:55:18.081091,full,2,9.7,1
00724,s3://team-49-vss-chunks/team-49/20261002_195519_bbb889b5.mp4,2026-10-02T19:55:19.414874,full,2,10.1,1
00726,s3://team-49-vss-chunks/team-49/20261002_195520_6e0be050.mp4,2026-10-02T19:55:20.569555,full,2,9.12,1
00728,s3://team-49-vss-chunks/team-49/20261002_195524_d74e47fb.mp4,2026-10-02T19:55:24.841575,full,2,9.0,1
00732,s3://team-49-vss-chunks/team-49/20261002_195526_5592639f.mp4,2026-10-02T19:55:26.644554,full,2,10.2,1
00738,s3://team-49-vss-chunks/team-49/20261002_195527_3953ae24.mp4,2026-10-02T19:55:27.552407,full,2,10.07,1
00743,s3://team-49-vss-chunks/team-49/20261002_195528_024586af.mp4,2026-10-02T19:55:28.431872,full,2,9.79,1
00756,s3://team-49-vss-chunks/team-49/20261002_195530_d7f53179.mp4,2026-10-02T19:55:30.290702,full,2,9.13,1
00760,s3://team-49-vss-chunks/team-49/20261002_195532_826ea440.mp4,2026-10-02T19:55:32.641805,full,2,9.93,1
00764,s3://team-49-vss-chunks/team-49/20261002_195905_98beb214.mp4,2026-10-02T19:59:05.649440,full,2,9.94,1
00767,s3://team-49-vss-chunks/team-49/20261002_195907_7aa8d8ea.mp4,2026-10-02T19:59:07.472416,full,2,10.36,1
00770,s3://team-49-vss-chunks/team-49/20261002_195909_9d58f22c.mp4,2026-10-02T19:59:09.635787,full,2,10.37,1
00772,s3://team-49-vss-chunks/team-49/20261002_195910_881a32c8.mp4,2026-10-02T19:59:10.368989,full,2,9.41,1
00775,s3://team-49-vss-chunks/team-49/20261002_195912_fb381b3e.mp4,2026-10-02T19:59:12.783334,full,2,10.1,1
00778,s3://team-49-vss-chunks/team-49/20261002_195914_5c20abe6.mp4,2026-10-02T19:59:14.410669,full,2,9.44,1
00779,s3://team-49-vss-chunks/team-49/20261002_195916_ba38ab69.mp4,2026-10-02T19:59:16.226814,full,2,10.1,1
00781,s3://team-49-vss-chunks/team-49/20261002_195917_2c20c66c.mp4,2026-10-02T19:59:17.897725,full,2,10.2,1
00799,s3://team-49-vss-chunks/team-49/20261002_195919_f4184e35.mp4,2026-10-02T19:59:19.982859,full,2,9.57,1
00801,s3://team-49-vss-chunks/team-49/20261002_195921_e0e2a091.mp4,2026-10-02T19:59:21.684515,full,3,10.57,1
00806,s3://team-49-vss-chunks/team-49/20261002_195923_d5b0bb69.mp4,2026-10-02T19:59:23.258437,full,2,9.38,1
00812,s3://team-49-vss-chunks/team-49/20261002_195924_056019fd.mp4,2026-10-02T19:59:24.007721,full,2,10.2,1
00821,s3://team-49-vss-chunks/team-49/20261002_195925_7cbc5568.mp4,2026-10-02T19:59:25.381291,full,2,9.77,1
00829,s3://team-49-vss-chunks/team-49/20261002_195927_a8af8618.mp4,2026-10-02T19:59:27.719477,full,2,9.73,1
00853,s3://team-49-vss-chunks/team-49/20261002_195928_bfbb6544.mp4,2026-10-02T19:59:28.850057,full,2,9.6,1
00862,s3://team-49-vss-chunks/team-49/20261002_195929_cdb3f30d.mp4,2026-10-02T19:59:29.732234,full,2,10.37,1
00878,s3://team-49-vss-chunks/team-49/20261002_195930_1294ac93.mp4,2026-10-02T19:59:30.354403,full,3,10.7,1
00886,s3://team-49-vss-chunks/team-49/20261002_195932_8daf21b1.mp4,2026-10-02T19:59:32.265719,full,2,10.4,1
00892,s3://team-49-vss-chunks/team-49/20261002_195932_d7fda3e2.mp4,2026-10-02T19:59:32.857271,full,2,10.2,1
00894,s3://team-49-vss-chunks/team-49/20261002_195933_cfe72c2a.mp4,2026-10-02T19:59:33.444394,full,2,10.24,1
00908,s3://team-49-vss-chunks/team-49/20261002_195934_cd1123c5.mp4,2026-10-02T19:59:34.621312,full,2,10.13,1
00920,s3://team-49-vss-chunks/team-49/20261002_195935_98b091b5.mp4,2026-10-02T19:59:35.573453,full,2,10.2,1
00925,s3://team-49-vss-chunks/team-49/20261002_195936_7ac5dcb6.mp4,2026-10-02T19:59:36.687924,full,2,9.8,1
00933,s3://team-49-vss-chunks/team-49/20261002_195939_7669aafd.mp4,2026-10-02T19:59:39.471395,full,2,10.33,1
00946,s3://team-49-vss-chunks/team-49/20261002_195940_59da94c3.mp4,2026-10-02T19:59:40.329061,full,2,10.1,1
00962,s3://team-49-vss-chunks/team-49/20261002_195941_68e9756f.mp4,2026-10-02T19:59:41.130661,full,2,9.17,1
00969,s3://team-49-vss-chunks/team-49/20261002_195942_2bf69d0e.mp4,2026-10-02T19:59:42.488092,full,2,10.2,1
00975,s3://team-49-vss-chunks/team-49/20261002_195944_71e7b82d.mp4,2026-10-02T19:59:44.091676,full,2,10.03,1
00984,s3://team-49-vss-chunks/team-49/20261002_195946_1fc51f98.mp4,2026-10-02T19:59:46.250912,full,2,9.83,1
00987,s3://team-49-vss-chunks/team-49/20261002_195947_de2cf4e4.mp4,2026-10-02T19:59:47.345194,full,2,10.23,1
00992,s3://team-49-vss-chunks/team-49/20261002_195949_c9b36f6b.mp4,2026-10-02T19:59:49.120234,full,2,9.9,1
00993,s3://team-49-vss-chunks/team-49/20261002_195950_029d7f44.mp4,2026-10-02T19:59:50.160772,full,2,10.2,1
00994,s3://team-49-vss-chunks/team-49/20261002_195951_e501feac.mp4,2026-10-02T19:59:51.863369,full,2,10.03,1
01006,s3://team-49-vss-chunks/team-49/20261002_195952_311dafca.mp4,2026-10-02T19:59:52.867595,full,2,9.97,1
01007,s3://team-49-vss-chunks/team-49/20261002_195954_73bf9c3e.mp4,2026-10-02T19:59:54.812293,full,2,9.87,1
01009,s3://team-49-vss-chunks/team-49/20261002_195956_61ac03fd.mp4,2026-10-02T19:59:56.463516,full,2,9.73,1
01010,s3://team-49-vss-chunks/team-49/20261002_195958_e0feb123.mp4,2026-10-02T19:59:58.079076,full,2,9.77,1
01017,s3://team-49-vss-chunks/team-49/20261002_195959_7e38333e.mp4,2026-10-02T19:59:59.247889,full,2,10.33,1
01023,s3://team-49-vss-chunks/team-49/20261002_195959_88bd1881.mp4,2026-10-02T19:59:59.863159,full,2,9.47,1
01030,s3://team-49-vss-chunks/team-49/20261002_200002_64676355.mp4,2026-10-02T20:00:02.003938,full,3,10.9,1
01032,s3://team-49-vss-chunks/team-49/20261002_200003_c3a3cdf7.mp4,2026-10-02T20:00:03.556202,full,2,9.57,1
01038,s3://team-49-vss-chunks/team-49/20261002_200004_4dcc4fa5.mp4,2026-10-02T20:00:04.815883,full,2,10.13,1
01044,s3://team-49-vss-chunks/team-49/20261002_200452_fc276411.mp4,2026-10-02T20:04:52.263269,full,2,10.1,1
01056,s3://team-49-vss-chunks/team-49/20261002_200452_be0b941b.mp4,2026-10-02T20:04:52.717864,full,2,9.93,1
01059,s3://team-49-vss-chunks/team-49/20261002_200453_1f100863.mp4,2026-10-02T20:04:53.528321,full,2,9.83,1
01065,s3://team-49-vss-chunks/team-49/20261002_200454_26246d2b.mp4,2026-10-02T20:04:54.365858,pending,,,1
01068,s3://team-49-vss-chunks/team-49/20261002_200454_c8a114f4.mp4,2026-10-02T20:04:54.948073,full,2,9.86,1
01083,s3://team-49-vss-chunks/team-49/20261002_200455_221e6897.mp4,2026-10-02T20:04:55.488725,full,2,9.83,1
01101,s3://team-49-vss-chunks/team-49/20261002_200455_e747929a.mp4,2026-10-02T20:04:55.841006,full,2,10.2,1
01110,s3://team-49-vss-chunks/team-49/20261002_200456_f8247bff.mp4,2026-10-02T20:04:56.372636,full,2,9.0,1
01113,s3://team-49-vss-chunks/team-49/20261002_200456_ef22e42e.mp4,2026-10-02T20:04:56.777930,full,2,9.56,1
01125,s3://team-49-vss-chunks/team-49/20261002_200457_ce748637.mp4,2026-10-02T20:04:57.330994,full,2,9.57,1
01126,s3://team-49-vss-chunks/team-49/20261002_200457_80ed939b.mp4,2026-10-02T20:04:57.868473,full,2,10.03,1
01139,s3://team-49-vss-chunks/team-49/20261002_200458_3a67d1c4.mp4,2026-10-02T20:04:58.191401,full,2,8.43,1
01143,s3://team-49-vss-chunks/team-49/20261002_200458_5f36ef96.mp4,2026-10-02T20:04:58.912348,pending,,,1
01149,s3://team-49-vss-chunks/team-49/20261002_200459_ff6f6d79.mp4,2026-10-02T20:04:59.701700,full,2,10.33,1
01151,s3://team-49-vss-chunks/team-49/20261002_200500_bd8fc612.mp4,2026-10-02T20:05:00.328074,full,2,9.87,1
01152,s3://team-49-vss-chunks/team-49/20261002_200501_8b25ab03.mp4,2026-10-02T20:05:01.270465,full,2,9.93,1
01154,s3://team-49-vss-chunks/team-49/20261002_200501_c90151c3.mp4,2026-10-02T20:05:01.764856,full,2,10.1,1
01158,s3://team-49-vss-chunks/team-49/20261002_200502_f7f654b1.mp4,2026-10-02T20:05:02.333281,full,2,10.46,1
01166,s3://team-49-vss-chunks/team-49/20261002_200503_075d5596.mp4,2026-10-02T20:05:03.230316,full,2,10.13,1
01169,s3://team-49-vss-chunks/team-49/20261002_200503_8e02b60a.mp4,2026-10-02T20:05:03.643394,pending,,,1
01179,s3://team-49-vss-chunks/team-49/20261002_200504_006ae61c.mp4,2026-10-02T20:05:04.195103,full,2,9.6,1
01181,s3://team-49-vss-chunks/team-49/20261002_200504_f61c14f3.mp4,2026-10-02T20:05:04.694825,pending,,,1
01201,s3://team-49-vss-chunks/team-49/20261002_200505_9e88b812.mp4,2026-10-02T20:05:05.064395,full,2,8.33,1
01203,s3://team-49-vss-chunks/team-49/20261002_200505_d076577e.mp4,2026-10-02T20:05:05.530948,full,2,10.17,1
01208,s3://team-49-vss-chunks/team-49/20261002_200506_2d33c83e.mp4,2026-10-02T20:05:06.319197,full,2,10.1,1
01216,s3://team-49-vss-chunks/team-49/20261002_200506_741fa09b.mp4,2026-10-02T20:05:06.761677,pending,,,1
01239,s3://team-49-vss-chunks/team-49/20261002_200507_581a11e5.mp4,2026-10-02T20:05:07.104279,full,2,10.0,1
01244,s3://team-49-vss-chunks/team-49/20261002_200507_7f47de03.mp4,2026-10-02T20:05:07.925407,full,2,9.61,1
01246,s3://team-49-vss-chunks/team-49/20261002_200508_38dc1912.mp4,2026-10-02T20:05:08.501226,full,2,10.13,1
01247,s3://team-49-vss-chunks/team-49/20261002_200509_1b8a5ecd.mp4,2026-10-02T20:05:09.057267,pending,,,1
01253,s3://team-49-vss-chunks/team-49/20261002_200511_81e30c66.mp4,2026-10-02T20:05:11.372480,full,2,9.97,1
01264,s3://team-49-vss-chunks/team-49/20261002_200511_a3e18a42.mp4,2026-10-02T20:05:11.694889,full,2,9.8,1
01274,s3://team-49-vss-chunks/team-49/20261002_200512_472c0413.mp4,2026-10-02T20:05:12.335004,full,2,9.67,1
01275,s3://team-49-vss-chunks/team-49/20261002_200512_d8ff6b11.mp4,2026-10-02T20:05:12.849198,full,2,9.8,1
01297,s3://team-49-vss-chunks/team-49/20261002_200513_8c8f2cd7.mp4,2026-10-02T20:05:13.331768,pending,,,1
01310,s3://team-49-vss-chunks/team-49/20261002_200513_f533ccda.mp4,2026-10-02T20:05:13.669478,pending,,,1
01312,s3://team-49-vss-chunks/team-49/20261002_200514_b5093b37.mp4,2026-10-02T20:05:14.333539,full,2,9.93,1
01316,s3://team-49-vss-chunks/team-49/20261002_200514_0e49e79a.mp4,2026-10-02T20:05:14.864195,full,2,9.9,1
01330,s3://team-49-vss-chunks/team-49/20261002_200515_754e0489.mp4,2026-10-02T20:05:15.173057,pending,,,1
01347,s3://team-49-vss-chunks/team-49/20261002_200515_e446f22d.mp4,2026-10-02T20:05:15.592865,full,2,9.83,1
01353,s3://team-49-vss-chunks/team-49/20261002_200515_df4782c0.mp4,2026-10-02T20:05:15.915121,full,2,9.83,1
01367,s3://team-49-vss-chunks/team-49/20261002_200516_53ddcea5.mp4,2026-10-02T20:05:16.462620,full,2,9.93,1
01375,s3://team-49-vss-chunks/team-49/20261002_200516_ccae688f.mp4,2026-10-02T20:05:16.798261,full,2,8.53,1
01389,s3://team-49-vss-chunks/team-49/20261002_200517_e67c43d1.mp4,2026-10-02T20:05:17.171909,full,2,10.17,1
01398,s3://team-49-vss-chunks/team-49/20261002_200517_ef5fecdc.mp4,2026-10-02T20:05:17.459431,full,2,9.93,1
01409,s3://team-49-vss-chunks/team-49/20261002_200517_86383833.mp4,2026-10-02T20:05:17.773612,full,2,9.83,1
01410,s3://team-49-vss-chunks/team-49/20261002_200518_cd2a6e33.mp4,2026-10-02T20:05:18.458196,full,2,10.23,1
01432,s3://team-49-vss-chunks/team-49/20261002_200518_f23eba94.mp4,2026-10-02T20:05:18.828780,pending,,,1
01450,s3://team-49-vss-chunks/team-49/20261002_200519_c08e4c46.mp4,2026-10-02T20:05:19.360923,pending,,,1
01472,s3://team-49-vss-chunks/team-49/20261002_200519_c679a607.mp4,2026-10-02T20:05:19.721077,pending,,,1
01479,s3://team-49-vss-chunks/team-49/20261002_200519_766f2685.mp4,2026-10-02T20:05:19.955171,pending,,,1
01480,s3://team-49-vss-chunks/team-49/20261002_200520_6ead082a.mp4,2026-10-02T20:05:20.520562,full,2,10.17,1
01481,s3://team-49-vss-chunks/team-49/20261002_200520_6778e000.mp4,2026-10-02T20:05:20.984028,pending,,,1
01483,s3://team-49-vss-chunks/team-49/20261002_200521_1b484d9e.mp4,2026-10-02T20:05:21.338059,full,2,8.5,1
01502,s3://team-49-vss-chunks/team-49/20261002_200521_b4ab234e.mp4,2026-10-02T20:05:21.956613,full,2,9.77,1
01512,s3://team-49-vss-chunks/team-49/20261002_200522_6b4939ff.mp4,2026-10-02T20:05:22.499485,full,2,10.17,1
01513,s3://team-49-vss-chunks/team-49/20261002_200522_cd92222b.mp4,2026-10-02T20:05:22.984702,full,2,10.17,1
01531,s3://team-49-vss-chunks/team-49/20261002_200523_88a5a1f3.mp4,2026-10-02T20:05:23.422867,full,2,8.67,1
01549,s3://team-49-vss-chunks/team-49/20261002_200524_0fb1df0e.mp4,2026-10-02T20:05:24.121682,full,2,9.5,1
01555,s3://team-49-vss-chunks/team-49/20261002_200524_622a8d74.mp4,2026-10-02T20:05:24.504077,pending,,,1
01561,s3://team-49-vss-chunks/team-49/20261002_200524_63a4d5ee.mp4,2026-10-02T20:05:24.914373,full,2,10.13,1
01565,s3://team-49-vss-chunks/team-49/20261002_200525_abefb9e6.mp4,2026-10-02T20:05:25.171284,pending,,,1
01567,s3://team-49-vss-chunks/team-49/20261002_200525_daa578c3.mp4,2026-10-02T20:05:25.567809,pending,,,1
01575,s3://team-49-vss-chunks/team-49/20261002_200525_89ed4dd1.mp4,2026-10-02T20:05:25.942974,full,2,10.07,1
01576,s3://team-49-vss-chunks/team-49/20261002_200526_f9eaf532.mp4,2026-10-02T20:05:26.248905,full,2,8.67,1
01610,s3://team-49-vss-chunks/team-49/20261002_200526_bc86df59.mp4,2026-10-02T20:05:26.710304,full,2,10.2,1
01633,s3://team-49-vss-chunks/team-49/20261002_200527_5b38366f.mp4,2026-10-02T20:05:27.093586,full,2,9.67,1
01636,s3://team-49-vss-chunks/team-49/20261002_200527_11949aa3.mp4,2026-10-02T20:05:27.452053,full,3,10.57,1
01644,s3://team-49-vss-chunks/team-49/20261002_200528_d587c547.mp4,2026-10-02T20:05:28.074640,full,2,9.74,1
01648,s3://team-49-vss-chunks/team-49/20261002_200529_c7a452f6.mp4,2026-10-02T20:05:29.106529,full,2,10.1,1
01650,s3://team-49-vss-chunks/team-49/20261002_200529_a53a3248.mp4,2026-10-02T20:05:29.993473,full,2,10.1,1
01651,s3://team-49-vss-chunks/team-49/20261002_200530_153373e2.mp4,2026-10-02T20:05:30.442543,full,2,10.47,1
01668,s3://team-49-vss-chunks/team-49/20261002_200530_a8b9467a.mp4,2026-10-02T20:05:30.932673,full,2,10.33,1
01672,s3://team-49-vss-chunks/team-49/20261002_200531_324a082b.mp4,2026-10-02T20:05:31.454345,pending,,,1
01675,s3://team-49-vss-chunks/team-49/20261002_200532_3c1ec257.mp4,2026-10-02T20:05:32.160454,full,2,10.27,1
01676,s3://team-49-vss-chunks/team-49/20261002_200532_08b0c868.mp4,2026-10-02T20:05:32.584075,full,2,10.03,1
01677,s3://team-49-vss-chunks/team-49/20261002_200533_d8493790.mp4,2026-10-02T20:05:33.710796,pending,,,1
01686,s3://team-49-vss-chunks/team-49/20261002_200534_02a44a78.mp4,2026-10-02T20:05:34.583157,full,2,9.6,1
01688,s3://team-49-vss-chunks/team-49/20261002_200535_4609e807.mp4,2026-10-02T20:05:35.307637,full,2,9.97,1
01692,s3://team-49-vss-chunks/team-49/20261002_200535_f5112166.mp4,2026-10-02T20:05:35.836965,full,2,9.83,1
01715,s3://team-49-vss-chunks/team-49/20261002_200536_5ccdc920.mp4,2026-10-02T20:05:36.386232,pending,,,1
01731,s3://team-49-vss-chunks/team-49/20261002_200536_772d3233.mp4,2026-10-02T20:05:36.951362,full,2,9.9,1
01744,s3://team-49-vss-chunks/team-49/20261002_200537_2715f2cb.mp4,2026-10-02T20:05:37.830737,full,2,9.87,1
01745,s3://team-49-vss-chunks/team-49/20261002_200538_5012258e.mp4,2026-10-02T20:05:38.260205,full,2,10.34,1
01751,s3://team-49-vss-chunks/team-49/20261002_200538_c391aba5.mp4,2026-10-02T20:05:38.558242,full,2,8.47,1
01758,s3://team-49-vss-chunks/team-49/20261002_200539_9f2330e2.mp4,2026-10-02T20:05:39.323554,pending,,,1
01764,s3://team-49-vss-chunks/team-49/20261002_200539_11f222e7.mp4,2026-10-02T20:05:39.957469,pending,,,1
01769,s3://team-49-vss-chunks/team-49/20261002_200540_038c0363.mp4,2026-10-02T20:05:40.421823,pending,,,1
01774,s3://team-49-vss-chunks/team-49/20261002_200540_1e8ad9c6.mp4,2026-10-02T20:05:40.710087,pending,,,1
01777,s3://team-49-vss-chunks/team-49/20261002_200541_b28269d5.mp4,2026-10-02T20:05:41.143570,pending,,,1
01782,s3://team-49-vss-chunks/team-49/20261002_200541_f25f1098.mp4,2026-10-02T20:05:41.577266,full,2,10.47,1
01794,s3://team-49-vss-chunks/team-49/20261002_200541_c0c7b148.mp4,2026-10-02T20:05:41.954196,full,2,9.77,1
01804,s3://team-49-vss-chunks/team-49/20261002_200542_a22e5f4c.mp4,2026-10-02T20:05:42.886900,pending,,,1
01808,s3://team-49-vss-chunks/team-49/20261002_200543_ad8a55fa.mp4,2026-10-02T20:05:43.373322,pending,,,1
01814,s3://team-49-vss-chunks/team-49/20261002_200544_b6c4db42.mp4,2026-10-02T20:05:44.060848,pending,,,1
01820,s3://team-49-vss-chunks/team-49/20261002_200546_5d11666e.mp4,2026-10-02T20:05:46.218174,full,2,9.83,1
01826,s3://team-49-vss-chunks/team-49/20261002_200546_575adf97.mp4,2026-10-02T20:05:46.811564,full,2,10.33,1
01831,s3://team-49-vss-chunks/team-49/20261002_200547_e4a2c6c0.mp4,2026-10-02T20:05:47.313765,full,2,10.44,1
01836,s3://team-49-vss-chunks/team-49/20261002_200548_0b3ca627.mp4,2026-10-02T20:05:48.204555,full,2,10.13,1
01854,s3://team-49-vss-chunks/team-49/20261002_200549_da6b848c.mp4,2026-10-02T20:05:49.930056,full,2,10.16,1
01855,s3://team-49-vss-chunks/team-49/20261002_201005_7f89e162.mp4,2026-10-02T20:10:05.892971,full,2,8.4,1
01856,s3://team-49-vss-chunks/team-49/20261002_201006_3decc4cf.mp4,2026-10-02T20:10:06.900037,full,2,9.77,1
01859,s3://team-49-vss-chunks/team-49/20261002_201007_bdae03dd.mp4,2026-10-02T20:10:07.734228,full,2,9.6,1
01861,s3://team-49-vss-chunks/team-49/20261002_201009_ca099ba5.mp4,2026-10-02T20:10:09.033539,full,2,9.63,1
01863,s3://team-49-vss-chunks/team-49/20261002_201009_0023b22c.mp4,2026-10-02T20:10:09.828173,full,2,10.23,1
01873,s3://team-49-vss-chunks/team-49/20261002_201010_768bfee3.mp4,2026-10-02T20:10:10.331398,full,2,9.7,1
01876,s3://team-49-vss-chunks/team-49/20261002_201011_73c387c0.mp4,2026-10-02T20:10:11.266568,full,2,9.7,1
01877,s3://team-49-vss-chunks/team-49/20261002_201011_4236542e.mp4,2026-10-02T20:10:11.839532,full,2,8.57,1
01886,s3://team-49-vss-chunks/team-49/20261002_201012_3941df3a.mp4,2026-10-02T20:10:12.390138,full,2,10.13,1
01895,s3://team-49-vss-chunks/team-49/20261002_201013_2af2cc63.mp4,2026-10-02T20:10:13.024592,full,2,8.53,1
01898,s3://team-49-vss-chunks/team-49/20261002_201013_2f2bd779.mp4,2026-10-02T20:10:13.450289,full,2,8.5,1
01902,s3://team-49-vss-chunks/team-49/20261002_201014_17ea8118.mp4,2026-10-02T20:10:14.247611,pending,,,1
01905,s3://team-49-vss-chunks/team-49/20261002_201015_4b63e45a.mp4,2026-10-02T20:10:15.203386,full,2,10.44,1
01907,s3://team-49-vss-chunks/team-49/20261002_201015_a0c5c0a5.mp4,2026-10-02T20:10:15.954858,full,2,8.53,1
01927,s3://team-49-vss-chunks/team-49/20261002_201017_f8bcd4f4.mp4,2026-10-02T20:10:17.072453,full,3,11.33,1
01938,s3://team-49-vss-chunks/team-49/20261002_201018_1d54a05d.mp4,2026-10-02T20:10:18.108296,full,2,10.07,1
01940,s3://team-49-vss-chunks/team-49/20261002_201018_f7af2ea3.mp4,2026-10-02T20:10:18.773021,full,2,10.23,1
01945,s3://team-49-vss-chunks/team-49/20261002_201019_fa0843e9.mp4,2026-10-02T20:10:19.303915,full,2,10.07,1
01947,s3://team-49-vss-chunks/team-49/20261002_201019_06f12d41.mp4,2026-10-02T20:10:19.745749,full,2,9.53,1
01956,s3://team-49-vss-chunks/team-49/20261002_201020_c80c4710.mp4,2026-10-02T20:10:20.208567,full,2,10.27,1
01965,s3://team-49-vss-chunks/team-49/20261002_201020_2195b2ee.mp4,2026-10-02T20:10:20.806156,full,3,10.56,1
01974,s3://team-49-vss-chunks/team-49/20261002_201021_d272e2cc.mp4,2026-10-02T20:10:21.152391,full,2,10.17,1
01982,s3://team-49-vss-chunks/team-49/20261002_201021_0a018868.mp4,2026-10-02T20:10:21.593204,full,2,10.23,1
01984,s3://team-49-vss-chunks/team-49/20261002_201022_eb740c5b.mp4,2026-10-02T20:10:22.426153,full,3,10.65,1
01993,s3://team-49-vss-chunks/team-49/20261002_201022_b64ec68b.mp4,2026-10-02T20:10:22.907516,full,2,9.5,1
01997,s3://team-49-vss-chunks/team-49/20261002_201023_9a2342d3.mp4,2026-10-02T20:10:23.257654,pending,,,1
02008,s3://team-49-vss-chunks/team-49/20261002_201025_5c9459b9.mp4,2026-10-02T20:10:25.099364,full,2,9.97,1
02010,s3://team-49-vss-chunks/team-49/20261002_201026_fe4ca3bc.mp4,2026-10-02T20:10:26.517751,full,2,10.07,1
02043,s3://team-49-vss-chunks/team-49/20261002_201028_b2082658.mp4,2026-10-02T20:10:28.089065,full,2,10.13,1
02047,s3://team-49-vss-chunks/team-49/20261002_201029_b1a3786d.mp4,2026-10-02T20:10:29.775681,full,2,9.73,1
02057,s3://team-49-vss-chunks/team-49/20261002_201030_656a9731.mp4,2026-10-02T20:10:30.431224,full,2,9.61,1
02065,s3://team-49-vss-chunks/team-49/20261002_201030_e5022089.mp4,2026-10-02T20:10:30.972851,full,2,9.6,1
02068,s3://team-49-vss-chunks/team-49/20261002_201031_779c4bad.mp4,2026-10-02T20:10:31.793121,full,2,9.9,1
02073,s3://team-49-vss-chunks/team-49/20261002_201033_bbbde062.mp4,2026-10-02T20:10:33.014451,full,2,9.6,1
02082,s3://team-49-vss-chunks/team-49/20261002_201033_e12bb325.mp4,2026-10-02T20:10:33.705155,full,2,9.69,1
02091,s3://team-49-vss-chunks/team-49/20261002_201034_c482bdb5.mp4,2026-10-02T20:10:34.452782,full,2,9.83,1
02093,s3://team-49-vss-chunks/team-49/20261002_201035_6edb414c.mp4,2026-10-02T20:10:35.111272,full,2,10.4,1
02098,s3://team-49-vss-chunks/team-49/20261002_201035_aeab8262.mp4,2026-10-02T20:10:35.760436,full,2,9.63,1
02101,s3://team-49-vss-chunks/team-49/20261002_201036_9a5e9614.mp4,2026-10-02T20:10:36.620056,full,2,9.67,1
02107,s3://team-49-vss-chunks/team-49/20261002_201037_ee794fd3.mp4,2026-10-02T20:10:37.160844,full,2,10.13,1
02109,s3://team-49-vss-chunks/team-49/20261002_201038_7be885c6.mp4,2026-10-02T20:10:38.457245,full,3,10.63,1
02123,s3://team-49-vss-chunks/team-49/20261002_201039_56e9806b.mp4,2026-10-02T20:10:39.131035,full,2,9.69,1
02140,s3://team-49-vss-chunks/team-49/20261002_201039_33cd4195.mp4,2026-10-02T20:10:39.569534,full,2,9.97,1
02141,s3://team-49-vss-chunks/team-49/20261002_201039_2a15d341.mp4,2026-10-02T20:10:39.958300,full,2,10.4,1
02142,s3://team-49-vss-chunks/team-49/20261002_201040_d8798df2.mp4,2026-10-02T20:10:40.593185,full,2,10.0,1
02143,s3://team-49-vss-chunks/team-49/20261002_201041_5118dcd4.mp4,2026-10-02T20:10:41.302044,full,2,10.1,1
02146,s3://team-49-vss-chunks/team-49/20261002_200006_a806f1b3.mp4,2026-10-02T20:00:06.605849,full,2,10.23,1
02150,s3://team-49-vss-chunks/team-49/20261002_201042_0a18f937.mp4,2026-10-02T20:10:42.162367,full,2,10.03,1
02151,s3://team-49-vss-chunks/team-49/20261002_200007_bbf78d49.mp4,2026-10-02T20:00:07.674192,full,2,9.61,1
02152,s3://team-49-vss-chunks/team-49/20261002_201042_209f78da.mp4,2026-10-02T20:10:42.679477,full,2,10.07,1
02153,s3://team-49-vss-chunks/team-49/20261002_201042_fba17f32.mp4,2026-10-02T20:10:42.983398,full,2,8.07,1
02155,s3://team-49-vss-chunks/team-49/20261002_200008_deb28240.mp4,2026-10-02T20:00:08.182002,full,2,10.24,1
02157,s3://team-49-vss-chunks/team-49/20261002_201043_dea04182.mp4,2026-10-02T20:10:43.747295,full,3,10.6,1
02158,s3://team-49-vss-chunks/team-49/20261002_201044_828c86a2.mp4,2026-10-02T20:10:44.740136,full,2,8.5,1
02160,s3://team-49-vss-chunks/team-49/20261002_200008_b635ac03.mp4,2026-10-02T20:00:08.940592,full,2,9.84,1
02162,s3://team-49-vss-chunks/team-49/20261002_201046_4a01aa5a.mp4,2026-10-02T20:10:46.150021,full,2,10.03,1
02164,s3://team-49-vss-chunks/team-49/20261002_201047_cc9ea15c.mp4,2026-10-02T20:10:47.255315,full,2,9.45,1
02165,s3://team-49-vss-chunks/team-49/20261002_201048_fee107d2.mp4,2026-10-02T20:10:48.038017,full,2,7.9,1
02166,s3://team-49-vss-chunks/team-49/20261002_200009_ea92665c.mp4,2026-10-02T20:00:09.542310,full,2,8.63,1
02167,s3://team-49-vss-chunks/team-49/20261002_201048_32c13928.mp4,2026-10-02T20:10:48.750269,full,2,9.4,1
02169,s3://team-49-vss-chunks/team-49/20261002_201049_1c531ac9.mp4,2026-10-02T20:10:49.554391,full,2,10.1,1
02170,s3://team-49-vss-chunks/team-49/20261002_201050_08d76aaa.mp4,2026-10-02T20:10:50.049673,pending,,,1
02175,s3://team-49-vss-chunks/team-49/20261002_200010_2c8fc37a.mp4,2026-10-02T20:00:10.752982,full,2,10.13,1
02176,s3://team-49-vss-chunks/team-49/20261002_201050_39222838.mp4,2026-10-02T20:10:50.875698,full,3,10.98,1
02177,s3://team-49-vss-chunks/team-49/20261002_201051_e3d8bcaa.mp4,2026-10-02T20:10:51.409966,full,2,9.7,1
02178,s3://team-49-vss-chunks/team-49/20261002_201051_9c01731a.mp4,2026-10-02T20:10:51.937244,full,2,9.3,1
02181,s3://team-49-vss-chunks/team-49/20261002_200011_01da6ed1.mp4,2026-10-02T20:00:11.361006,full,2,10.03,1
02184,s3://team-49-vss-chunks/team-49/20261002_201052_1d5e3100.mp4,2026-10-02T20:10:52.486094,full,2,9.97,1
02185,s3://team-49-vss-chunks/team-49/20261002_200012_4d9758ca.mp4,2026-10-02T20:00:12.006613,full,3,10.67,1
02187,s3://team-49-vss-chunks/team-49/20261002_201052_fdb8f561.mp4,2026-10-02T20:10:52.998728,full,2,9.87,1
02188,s3://team-49-vss-chunks/team-49/20261002_201053_04684ee8.mp4,2026-10-02T20:10:53.603856,full,2,10.3,1
02190,s3://team-49-vss-chunks/team-49/20261002_200012_5dd5259d.mp4,2026-10-02T20:00:12.552261,full,2,9.93,1
02193,s3://team-49-vss-chunks/team-49/20261002_201054_dd310389.mp4,2026-10-02T20:10:54.179954,full,2,9.8,1
02195,s3://team-49-vss-chunks/team-49/20261002_200013_dad762da.mp4,2026-10-02T20:00:13.006187,full,2,10.26,1
02196,s3://team-49-vss-chunks/team-49/20261002_200013_47152bcf.mp4,2026-10-02T20:00:13.602910,full,2,10.4,1
02197,s3://team-49-vss-chunks/team-49/20261002_201054_4681b7f9.mp4,2026-10-02T20:10:54.465539,full,2,7.93,1
02199,s3://team-49-vss-chunks/team-49/20261002_200014_7be7f444.mp4,2026-10-02T20:00:14.217257,full,2,9.77,1
02200,s3://team-49-vss-chunks/team-49/20261002_200015_3e47c364.mp4,2026-10-02T20:00:15.244041,full,2,9.8,1
02202,s3://team-49-vss-chunks/team-49/20261002_200017_f840d4ea.mp4,2026-10-02T20:00:17.021011,full,2,10.2,1
02204,s3://team-49-vss-chunks/team-49/20261002_200018_70a4ed6b.mp4,2026-10-02T20:00:18.427058,full,2,9.77,1
02205,s3://team-49-vss-chunks/team-49/20261002_201054_d03ea6b7.mp4,2026-10-02T20:10:54.898812,full,2,9.59,1
02207,s3://team-49-vss-chunks/team-49/20261002_200019_7ad19f2b.mp4,2026-10-02T20:00:19.768470,full,2,9.36,1
02208,s3://team-49-vss-chunks/team-49/20261002_201055_a2c2dd1a.mp4,2026-10-02T20:10:55.365053,full,2,10.36,1
02209,s3://team-49-vss-chunks/team-49/20261002_200022_361eb6d6.mp4,2026-10-02T20:00:22.505466,full,2,10.38,1
02211,s3://team-49-vss-chunks/team-49/20261002_201056_590442df.mp4,2026-10-02T20:10:56.082197,full,2,10.1,1
02212,s3://team-49-vss-chunks/team-49/20261002_200023_9e2152cf.mp4,2026-10-02T20:00:23.238229,full,2,9.73,1
02214,s3://team-49-vss-chunks/team-49/20261002_201056_acd492cb.mp4,2026-10-02T20:10:56.580611,full,2,9.27,1
02215,s3://team-49-vss-chunks/team-49/20261002_201056_174fcf07.mp4,2026-10-02T20:10:56.931577,pending,,,1
02216,s3://team-49-vss-chunks/team-49/20261002_201057_7fc8b549.mp4,2026-10-02T20:10:57.274044,full,2,9.9,1
02218,s3://team-49-vss-chunks/team-49/20261002_201057_be367fb7.mp4,2026-10-02T20:10:57.581339,full,2,9.8,1
02222,s3://team-49-vss-chunks/team-49/20261002_200023_97fc27ff.mp4,2026-10-02T20:00:23.883034,full,3,10.55,1
02230,s3://team-49-vss-chunks/team-49/20261002_201058_34f48d43.mp4,2026-10-02T20:10:58.069861,full,2,9.7,1
02233,s3://team-49-vss-chunks/team-49/20261002_200024_45101bc0.mp4,2026-10-02T20:00:24.624262,full,2,9.6,1
02234,s3://team-49-vss-chunks/team-49/20261002_200025_6bef27b8.mp4,2026-10-02T20:00:25.259807,full,2,9.6,1
02236,s3://team-49-vss-chunks/team-49/20261002_200026_a1c1c066.mp4,2026-10-02T20:00:26.022042,full,2,9.6,1
02237,s3://team-49-vss-chunks/team-49/20261002_201058_ab122f14.mp4,2026-10-02T20:10:58.476677,pending,,,1
02238,s3://team-49-vss-chunks/team-49/20261002_200026_be973cb4.mp4,2026-10-02T20:00:26.799007,full,2,9.97,1
02241,s3://team-49-vss-chunks/team-49/20261002_200027_bce9f0f7.mp4,2026-10-02T20:00:27.266788,full,2,9.87,1
02242,s3://team-49-vss-chunks/team-49/20261002_200028_7f5401f4.mp4,2026-10-02T20:00:28.115904,full,2,9.6,1
02243,s3://team-49-vss-chunks/team-49/20261002_200028_0349b362.mp4,2026-10-02T20:00:28.827429,full,2,9.9,1
02245,s3://team-49-vss-chunks/team-49/20261002_201058_cfdff8af.mp4,2026-10-02T20:10:58.878185,full,2,10.24,1
02250,s3://team-49-vss-chunks/team-49/20261002_201059_719077f5.mp4,2026-10-02T20:10:59.301886,pending,,,1
02253,s3://team-49-vss-chunks/team-49/20261002_200029_d792148e.mp4,2026-10-02T20:00:29.312726,full,2,9.97,1
02254,s3://team-49-vss-chunks/team-49/20261002_201059_b0115a2f.mp4,2026-10-02T20:10:59.709188,full,2,9.53,1
02255,s3://team-49-vss-chunks/team-49/20261002_201100_c0d2d7ff.mp4,2026-10-02T20:11:00.111499,full,2,9.87,1
02257,s3://team-49-vss-chunks/team-49/20261002_200029_75e08089.mp4,2026-10-02T20:00:29.912310,full,2,9.87,1
02259,s3://team-49-vss-chunks/team-49/20261002_200030_b1e8b165.mp4,2026-10-02T20:00:30.647252,full,2,10.0,1
02260,s3://team-49-vss-chunks/team-49/20261002_200035_2eb00a59.mp4,2026-10-02T20:00:35.400935,full,2,10.03,1
02261,s3://team-49-vss-chunks/team-49/20261002_201100_a46b0d51.mp4,2026-10-02T20:11:00.436406,pending,,,1
02262,s3://team-49-vss-chunks/team-49/20261002_201101_19aff00d.mp4,2026-10-02T20:11:01.064457,full,2,10.39,1
02265,s3://team-49-vss-chunks/team-49/20261002_194545_3944879a.mp4,2026-10-02T19:45:45.015137,full,3,10.85,2
02266,s3://team-49-vss-chunks/team-49/20261002_200038_3862a5f3.mp4,2026-10-02T20:00:38.321911,full,2,10.47,1
02267,s3://team-49-vss-chunks/team-49/20261002_201101_25d944c7.mp4,2026-10-02T20:11:01.616193,full,2,9.8,1
02270,s3://team-49-vss-chunks/team-49/20261002_200038_141e87cc.mp4,2026-10-02T20:00:38.962293,full,2,9.61,1
02271,s3://team-49-vss-chunks/team-49/20261002_200039_347086e3.mp4,2026-10-02T20:00:39.599799,full,2,10.2,1
02273,s3://team-49-vss-chunks/team-49/20261002_201102_c876cbe3.mp4,2026-10-02T20:11:02.076000,full,2,10.0,1
02276,s3://team-49-vss-chunks/team-49/20261002_200040_ddb22351.mp4,2026-10-02T20:00:40.214313,full,2,10.1,1
02278,s3://team-49-vss-chunks/team-49/20261002_201102_fea3ab41.mp4,2026-10-02T20:11:02.419066,pending,,,1
02279,s3://team-49-vss-chunks/team-49/20261002_200040_fe5b08a1.mp4,2026-10-02T20:00:40.893655,full,2,9.12,1
02280,s3://team-49-vss-chunks/team-49/20261002_200041_22536279.mp4,2026-10-02T20:00:41.410187,full,2,9.43,1
02282,s3://team-49-vss-chunks/team-49/20261002_200041_4a55199a.mp4,2026-10-02T20:00:41.940020,full,2,9.94,1
02283,s3://team-49-vss-chunks/team-49/20261002_200043_b5549359.mp4,2026-10-02T20:00:43.024473,full,2,9.43,1
02287,s3://team-49-vss-chunks/team-49/20261002_200044_f70b96e9.mp4,2026-10-02T20:00:44.798533,full,2,10.03,1
02289,s3://team-49-vss-chunks/team-49/20261002_201102_ee8c5264.mp4,2026-10-02T20:11:02.705665,full,2,10.3,1
02290,s3://team-49-vss-chunks/team-49/20261002_201103_18b7c374.mp4,2026-10-02T20:11:03.345732,full,2,10.0,1
02292,s3://team-49-vss-chunks/team-49/20261002_201103_a3c1bbfe.mp4,2026-10-02T20:11:03.892056,full,2,10.03,1
02297,s3://team-49-vss-chunks/team-49/20261002_200046_f5571821.mp4,2026-10-02T20:00:46.044801,full,2,10.07,1
02299,s3://team-49-vss-chunks/team-49/20261002_201104_7ad1ad57.mp4,2026-10-02T20:11:04.259633,pending,,,1
02303,s3://team-49-vss-chunks/team-49/20261002_201104_4dc985f9.mp4,2026-10-02T20:11:04.742085,full,2,9.76,1
02305,s3://team-49-vss-chunks/team-49/20261002_194542_dde6a97d.mp4,2026-10-02T19:45:42.142117,full,2,9.8,2
02306,s3://team-49-vss-chunks/team-49/20261002_200048_4b351b9c.mp4,2026-10-02T20:00:48.267982,full,2,10.33,1
02310,s3://team-49-vss-chunks/team-49/20261002_201105_78dbfd37.mp4,2026-10-02T20:11:05.520602,pending,,,1
02316,s3://team-49-vss-chunks/team-49/20261002_200048_93aba3f8.mp4,2026-10-02T20:00:48.902694,full,2,9.97,1
02317,s3://team-49-vss-chunks/team-49/20261002_201106_45cc7d94.mp4,2026-10-02T20:11:06.052280,pending,,,1
02319,s3://team-49-vss-chunks/team-49/20261002_200049_e08e0de8.mp4,2026-10-02T20:00:49.478969,full,2,10.16,1
02320,s3://team-49-vss-chunks/team-49/20261002_201106_de446f56.mp4,2026-10-02T20:11:06.492702,pending,,,1
02322,s3://team-49-vss-chunks/team-49/20261002_200050_4ed94a52.mp4,2026-10-02T20:00:50.210667,full,3,10.53,1
02323,s3://team-49-vss-chunks/team-49/20261002_201106_9e37cc68.mp4,2026-10-02T20:11:06.876193,full,2,10.24,1
02330,s3://team-49-vss-chunks/team-49/20261002_200050_0c2ed588.mp4,2026-10-02T20:00:50.831408,full,2,10.13,1
02331,s3://team-49-vss-chunks/team-49/20261002_201107_4fc9787e.mp4,2026-10-02T20:11:07.225126,pending,,,1
02333,s3://team-49-vss-chunks/team-49/20261002_201107_dfad0284.mp4,2026-10-02T20:11:07.668256,pending,,,1
02335,s3://team-49-vss-chunks/team-49/20261002_200051_781f68be.mp4,2026-10-02T20:00:51.559199,full,2,9.9,1
02336,s3://team-49-vss-chunks/team-49/20261002_194548_bdcf9dff.mp4,2026-10-02T19:45:48.022204,full,2,10.4,2
02339,s3://team-49-vss-chunks/team-49/20261002_201107_14126e58.mp4,2026-10-02T20:11:07.916055,pending,,,1
02343,s3://team-49-vss-chunks/team-49/20261002_201108_ff6d0888.mp4,2026-10-02T20:11:08.303668,full,2,9.64,1
02345,s3://team-49-vss-chunks/team-49/20261002_194549_5f179430.mp4,2026-10-02T19:45:49.006317,full,2,10.0,2
02347,s3://team-49-vss-chunks/team-49/20261002_201108_ce709419.mp4,2026-10-02T20:11:08.597421,full,2,7.83,1
02348,s3://team-49-vss-chunks/team-49/20261002_201108_4a3b54bb.mp4,2026-10-02T20:11:08.962506,full,3,10.87,1
02350,s3://team-49-vss-chunks/team-49/20261002_201109_2ef1594a.mp4,2026-10-02T20:11:09.362168,full,2,9.47,1
02351,s3://team-49-vss-chunks/team-49/20261002_201109_ee9de8aa.mp4,2026-10-02T20:11:09.863243,full,2,9.97,1
02354,s3://team-49-vss-chunks/team-49/20261002_200054_176f18c2.mp4,2026-10-02T20:00:54.587940,full,2,9.93,1
02357,s3://team-49-vss-chunks/team-49/20261002_201142_84f7d376.mp4,2026-10-02T20:11:42.341961,pending,,,1
02359,s3://team-49-vss-chunks/team-49/20261002_201142_a6ea1666.mp4,2026-10-02T20:11:42.950890,full,2,9.77,1
02361,s3://team-49-vss-chunks/team-49/20261002_201143_47bd128e.mp4,2026-10-02T20:11:43.664956,full,2,10.03,1
02363,s3://team-49-vss-chunks/team-49/20261002_201144_2b456d73.mp4,2026-10-02T20:11:44.538294,full,2,10.33,1
02366,s3://team-49-vss-chunks/team-49/20261002_200056_b4022431.mp4,2026-10-02T20:00:56.106248,full,2,9.05,1
02368,s3://team-49-vss-chunks/team-49/20261002_194546_6af30b0f.mp4,2026-10-02T19:45:46.818495,full,2,9.6,2
02369,s3://team-49-vss-chunks/team-49/20261002_194539_12461a56.mp4,2026-10-02T19:45:39.729377,full,2,9.5,2
02370,s3://team-49-vss-chunks/team-49/20261002_194545_64ca5361.mp4,2026-10-02T19:45:45.802426,full,2,9.7,2
02371,s3://team-49-vss-chunks/team-49/20261002_194526_d1c6bf7d.mp4,2026-10-02T19:45:26.368884,full,2,9.97,2
02373,s3://team-49-vss-chunks/team-49/20261002_194538_bfcdf2b4.mp4,2026-10-02T19:45:38.405980,full,2,10.4,2
02374,s3://team-49-vss-chunks/team-49/20261002_194537_c80dba6f.mp4,2026-10-02T19:45:37.559544,full,2,9.8,2
02375,s3://team-49-vss-chunks/team-49/20261002_201145_341e051f.mp4,2026-10-02T20:11:45.191230,full,2,10.27,1
02377,s3://team-49-vss-chunks/team-49/20261002_201145_37e0ee2f.mp4,2026-10-02T20:11:45.753999,full,2,10.17,1
02378,s3://team-49-vss-chunks/team-49/20261002_194536_93199115.mp4,2026-10-02T19:45:36.878490,full,2,9.8,2
02379,s3://team-49-vss-chunks/team-49/20261002_194535_bbe7f123.mp4,2026-10-02T19:45:35.926594,full,2,9.67,2
02382,s3://team-49-vss-chunks/team-49/20261002_201146_f64f550b.mp4,2026-10-02T20:11:46.226709,full,2,10.2,1
02384,s3://team-49-vss-chunks/team-49/20261002_194533_e1f2c1d1.mp4,2026-10-02T19:45:33.075285,full,2,10.43,2
02385,s3://team-49-vss-chunks/team-49/20261002_194527_518d2f12.mp4,2026-10-02T19:45:27.970860,full,2,9.46,2
02386,s3://team-49-vss-chunks/team-49/20261002_201146_d2160a2d.mp4,2026-10-02T20:11:46.885599,full,3,10.51,1
02387,s3://team-49-vss-chunks/team-49/20261002_194531_0f51d57b.mp4,2026-10-02T19:45:31.660389,full,2,9.7,2
02389,s3://team-49-vss-chunks/team-49/20261002_201147_6980dd13.mp4,2026-10-02T20:11:47.735627,full,2,9.67,1
02391,s3://team-49-vss-chunks/team-49/20261002_194534_40c70226.mp4,2026-10-02T19:45:34.618674,full,2,10.26,2
02396,s3://team-49-vss-chunks/team-49/20261002_194530_72d0577c.mp4,2026-10-02T19:45:30.850248,full,2,10.07,2
02397,s3://team-49-vss-chunks/team-49/20261002_194533_12c57e2f.mp4,2026-10-02T19:45:33.716587,full,3,10.69,2
02398,s3://team-49-vss-chunks/team-49/20261002_201148_555bac55.mp4,2026-10-02T20:11:48.281347,full,2,8.03,1
02400,s3://team-49-vss-chunks/team-49/20261002_201148_da6fe194.mp4,2026-10-02T20:11:48.694119,full,2,8.17,1
02401,s3://team-49-vss-chunks/team-49/20261002_194530_ebfa3e42.mp4,2026-10-02T19:45:30.084961,full,2,9.93,2
02403,s3://team-49-vss-chunks/team-49/20261002_201149_e99273c8.mp4,2026-10-02T20:11:49.237085,full,2,9.77,1
02405,s3://team-49-vss-chunks/team-49/20261002_201149_46d555cc.mp4,2026-10-02T20:11:49.778081,pending,,,1
02406,s3://team-49-vss-chunks/team-49/20261002_201150_994f5400.mp4,2026-10-02T20:11:50.694370,full,2,10.47,1
02410,s3://team-49-vss-chunks/team-49/20261002_194527_f38ab7c9.mp4,2026-10-02T19:45:27.004830,full,2,9.23,2
02411,s3://team-49-vss-chunks/team-49/20261002_201151_d2cb3cab.mp4,2026-10-02T20:11:51.266776,pending,,,1
02413,s3://team-49-vss-chunks/team-49/20261002_194524_6dfe6586.mp4,2026-10-02T19:45:24.665823,full,2,9.73,2
02428,s3://team-49-vss-chunks/team-49/20261002_194521_9a85cfa2.mp4,2026-10-02T19:45:21.419172,full,2,10.17,2
02429,s3://team-49-vss-chunks/team-49/20261002_194514_d3ab8738.mp4,2026-10-02T19:45:14.115984,full,2,9.73,2
02433,s3://team-49-vss-chunks/team-49/20261002_194517_7a026790.mp4,2026-10-02T19:45:17.994556,full,2,10.17,2
02434,s3://team-49-vss-chunks/team-49/20261002_194522_43807fc4.mp4,2026-10-02T19:45:22.698226,full,2,9.7,2
02435,s3://team-49-vss-chunks/team-49/20261002_201152_ff3a53d7.mp4,2026-10-02T20:11:52.133415,full,2,10.07,1
02441,s3://team-49-vss-chunks/team-49/20261002_194516_f8a85596.mp4,2026-10-02T19:45:16.447032,full,3,10.63,2
02442,s3://team-49-vss-chunks/team-49/20261002_194519_2c298dd9.mp4,2026-10-02T19:45:19.775787,full,2,10.2,2
02448,s3://team-49-vss-chunks/team-49/20261002_194503_d1809ac2.mp4,2026-10-02T19:45:03.101132,full,2,9.83,2
02449,s3://team-49-vss-chunks/team-49/20261002_201152_6a7d90db.mp4,2026-10-02T20:11:52.598517,pending,,,1
02451,s3://team-49-vss-chunks/team-49/20261002_201152_830ce0b2.mp4,2026-10-02T20:11:52.986334,pending,,,1
02452,s3://team-49-vss-chunks/team-49/20261002_201153_25782f74.mp4,2026-10-02T20:11:53.371795,full,2,8.47,1
02454,s3://team-49-vss-chunks/team-49/20261002_194519_f3b400ec.mp4,2026-10-02T19:45:19.048219,full,2,9.9,2
02458,s3://team-49-vss-chunks/team-49/20261002_201153_09a46a07.mp4,2026-10-02T20:11:53.889466,full,2,9.63,1
02459,s3://team-49-vss-chunks/team-49/20261002_194511_415b7a97.mp4,2026-10-02T19:45:11.643556,full,2,10.17,2
02461,s3://team-49-vss-chunks/team-49/20261002_201154_d9857ec6.mp4,2026-10-02T20:11:54.226832,pending,,,1
02463,s3://team-49-vss-chunks/team-49/20261002_201154_e90688d5.mp4,2026-10-02T20:11:54.818649,full,2,9.87,1
02467,s3://team-49-vss-chunks/team-49/20261002_201155_04bbfffa.mp4,2026-10-02T20:11:55.970973,pending,,,1
02468,s3://team-49-vss-chunks/team-49/20261002_194509_589b7a5c.mp4,2026-10-02T19:45:09.186276,full,2,10.16,2
02472,s3://team-49-vss-chunks/team-49/20261002_194510_a3a3062a.mp4,2026-10-02T19:45:10.154872,full,2,9.37,2
02473,s3://team-49-vss-chunks/team-49/20261002_194500_4d49621c.mp4,2026-10-02T19:45:00.358905,full,3,10.75,2
02474,s3://team-49-vss-chunks/team-49/20261002_194501_3aba2f24.mp4,2026-10-02T19:45:01.311532,full,2,10.13,2
02475,s3://team-49-vss-chunks/team-49/20261002_201156_f9504b9e.mp4,2026-10-02T20:11:56.574648,full,2,10.07,1
02476,s3://team-49-vss-chunks/team-49/20261002_194508_639a5499.mp4,2026-10-02T19:45:08.230146,full,3,10.67,2
02477,s3://team-49-vss-chunks/team-49/20261002_201157_6714f33e.mp4,2026-10-02T20:11:57.417155,full,2,9.93,1
02478,s3://team-49-vss-chunks/team-49/20261002_201157_4503de88.mp4,2026-10-02T20:11:57.931034,full,2,8.03,1
02479,s3://team-49-vss-chunks/team-49/20261002_194504_c64d7a69.mp4,2026-10-02T19:45:04.933860,full,2,9.33,2
02482,s3://team-49-vss-chunks/team-49/20261002_194507_c9928a55.mp4,2026-10-02T19:45:07.422568,full,3,10.5,2
02484,s3://team-49-vss-chunks/team-49/20261002_201158_4c269f5f.mp4,2026-10-02T20:11:58.280189,full,2,8.17,1
02490,s3://team-49-vss-chunks/team-49/20261002_201158_e40df155.mp4,2026-10-02T20:11:58.677634,full,2,10.03,1
02491,s3://team-49-vss-chunks/team-49/20261002_201159_2354b86f.mp4,2026-10-02T20:11:59.427866,full,2,9.8,1
02493,s3://team-49-vss-chunks/team-49/20261002_201159_46430433.mp4,2026-10-02T20:11:59.758036,full,2,10.43,1
02494,s3://team-49-vss-chunks/team-49/20261002_194457_4554cafc.mp4,2026-10-02T19:44:57.305061,full,2,10.07,2
02495,s3://team-49-vss-chunks/team-49/20261002_194503_656236bd.mp4,2026-10-02T19:45:03.915402,full,2,10.1,2
02496,s3://team-49-vss-chunks/team-49/20261002_194459_20b09b4f.mp4,2026-10-02T19:44:59.092867,full,3,10.53,2
02497,s3://team-49-vss-chunks/team-49/20261002_201200_7574f06c.mp4,2026-10-02T20:12:00.220292,full,3,10.51,1
02498,s3://team-49-vss-chunks/team-49/20261002_201201_db919def.mp4,2026-10-02T20:12:01.183393,full,2,10.2,1
02499,s3://team-49-vss-chunks/team-49/20261002_194455_d947660c.mp4,2026-10-02T19:44:55.313386,full,2,9.93,2
02500,s3://team-49-vss-chunks/team-49/20261002_194449_12d737a5.mp4,2026-10-02T19:44:49.583775,full,2,9.67,2
02501,s3://team-49-vss-chunks/team-49/20261002_194448_1df699a8.mp4,2026-10-02T19:44:48.930529,full,2,9.97,2
02502,s3://team-49-vss-chunks/team-49/20261002_194453_b977f8e0.mp4,2026-10-02T19:44:53.359436,full,2,10.0,2
02503,s3://team-49-vss-chunks/team-49/20261002_201201_19b12d5b.mp4,2026-10-02T20:12:01.663054,full,2,8.0,1
02505,s3://team-49-vss-chunks/team-49/20261002_194456_d9f8052f.mp4,2026-10-02T19:44:56.147721,full,2,9.9,2
02509,s3://team-49-vss-chunks/team-49/20261002_194451_26dc84d5.mp4,2026-10-02T19:44:51.947146,full,2,9.57,2
02510,s3://team-49-vss-chunks/team-49/20261002_201202_a325f737.mp4,2026-10-02T20:12:02.094693,full,2,9.67,1
02511,s3://team-49-vss-chunks/team-49/20261002_194454_eeddd1c0.mp4,2026-10-02T19:44:54.253670,full,2,10.13,2
02512,s3://team-49-vss-chunks/team-49/20261002_194452_599af52e.mp4,2026-10-02T19:44:52.586610,full,2,9.67,2
02515,s3://team-49-vss-chunks/team-49/20261002_201202_b17e66a7.mp4,2026-10-02T20:12:02.904498,pending,,,1
02517,s3://team-49-vss-chunks/team-49/20261002_201203_543bc258.mp4,2026-10-02T20:12:03.504005,full,2,9.93,1
02518,s3://team-49-vss-chunks/team-49/20261002_194451_208a6cd7.mp4,2026-10-02T19:44:51.459609,full,2,10.07,2
02522,s3://team-49-vss-chunks/team-49/20261002_194443_b2f9729c.mp4,2026-10-02T19:44:43.832768,full,2,9.35,2
02524,s3://team-49-vss-chunks/team-49/20261002_201204_67ca932a.mp4,2026-10-02T20:12:04.448271,full,2,10.43,1
02530,s3://team-49-vss-chunks/team-49/20261002_201204_2d88bbc1.mp4,2026-10-02T20:12:04.880831,full,2,9.76,1
02533,s3://team-49-vss-chunks/team-49/20261002_194450_a7dec9d7.mp4,2026-10-02T19:44:50.697943,full,2,10.31,2
02534,s3://team-49-vss-chunks/team-49/20261002_201205_f6c4f2be.mp4,2026-10-02T20:12:05.479956,full,2,10.1,1
02537,s3://team-49-vss-chunks/team-49/20261002_194447_ab73b3f8.mp4,2026-10-02T19:44:47.045669,full,2,10.21,2
02538,s3://team-49-vss-chunks/team-49/20261002_201206_114db2a7.mp4,2026-10-02T20:12:06.033525,full,2,10.33,1
02539,s3://team-49-vss-chunks/team-49/20261002_201206_fa193129.mp4,2026-10-02T20:12:06.521121,full,2,10.13,1
02540,s3://team-49-vss-chunks/team-49/20261002_201207_a8805cc1.mp4,2026-10-02T20:12:07.056830,full,2,10.17,1
02541,s3://team-49-vss-chunks/team-49/20261002_201207_94c92dda.mp4,2026-10-02T20:12:07.499065,full,2,9.9,1
02543,s3://team-49-vss-chunks/team-49/20261002_194448_4abacd02.mp4,2026-10-02T19:44:48.137090,full,2,9.87,2
02544,s3://team-49-vss-chunks/team-49/20261002_201207_ac9b4023.mp4,2026-10-02T20:12:07.869100,full,2,8.43,1
02545,s3://team-49-vss-chunks/team-49/20261002_201208_7bd6c9b7.mp4,2026-10-02T20:12:08.238135,full,2,8.07,1
02548,s3://team-49-vss-chunks/team-49/20261002_194446_3282a5d3.mp4,2026-10-02T19:44:46.182082,full,2,10.07,2
02555,s3://team-49-vss-chunks/team-49/20261002_201208_dbee6438.mp4,2026-10-02T20:12:08.971791,pending,,,1
02556,s3://team-49-vss-chunks/team-49/20261002_194425_face5434.mp4,2026-10-02T19:44:25.390875,full,2,10.14,2
02557,s3://team-49-vss-chunks/team-49/20261002_194444_dd4c1041.mp4,2026-10-02T19:44:44.734531,full,2,9.67,2
02561,s3://team-49-vss-chunks/team-49/20261002_194439_8bbea1a4.mp4,2026-10-02T19:44:39.852768,full,2,10.07,2
02562,s3://team-49-vss-chunks/team-49/20261002_201209_4512abbd.mp4,2026-10-02T20:12:09.485382,full,2,9.67,1
02563,s3://team-49-vss-chunks/team-49/20261002_194439_40697440.mp4,2026-10-02T19:44:39.097379,full,2,9.4,2
02565,s3://team-49-vss-chunks/team-49/20261002_201209_a90c5664.mp4,2026-10-02T20:12:09.965922,full,2,10.13,1
02566,s3://team-49-vss-chunks/team-49/20261002_194444_cd6fc560.mp4,2026-10-02T19:44:44.277144,full,2,9.69,2
02567,s3://team-49-vss-chunks/team-49/20261002_194443_9d131cdf.mp4,2026-10-02T19:44:43.154942,full,2,8.97,2
02568,s3://team-49-vss-chunks/team-49/20261002_201210_f030fd36.mp4,2026-10-02T20:12:10.403806,full,2,10.41,1
02572,s3://team-49-vss-chunks/team-49/20261002_201210_8947d7cb.mp4,2026-10-02T20:12:10.886537,pending,,,1
02573,s3://team-49-vss-chunks/team-49/20261002_201211_e77b4eac.mp4,2026-10-02T20:12:11.244111,full,2,9.73,1
02576,s3://team-49-vss-chunks/team-49/20261002_201211_e78145f2.mp4,2026-10-02T20:12:11.956386,full,2,9.8,1
02579,s3://team-49-vss-chunks/team-49/20261002_194441_b75c2b85.mp4,2026-10-02T19:44:41.481001,full,2,10.27,2
02581,s3://team-49-vss-chunks/team-49/20261002_194442_dc091238.mp4,2026-10-02T19:44:42.607424,full,2,9.67,2
02582,s3://team-49-vss-chunks/team-49/20261002_194437_0513a7e5.mp4,2026-10-02T19:44:37.580043,full,3,10.7,2
02583,s3://team-49-vss-chunks/team-49/20261002_201212_f94d2719.mp4,2026-10-02T20:12:12.476927,full,2,9.17,1
02587,s3://team-49-vss-chunks/team-49/20261002_201213_c5e18f53.mp4,2026-10-02T20:12:13.157475,pending,,,1
02588,s3://team-49-vss-chunks/team-49/20261002_201213_05a4b9bb.mp4,2026-10-02T20:12:13.510399,full,2,9.9,1
02591,s3://team-49-vss-chunks/team-49/20261002_201213_44f42ac0.mp4,2026-10-02T20:12:13.775102,full,2,9.57,1
02592,s3://team-49-vss-chunks/team-49/20261002_201214_09998737.mp4,2026-10-02T20:12:14.250108,pending,,,1
02594,s3://team-49-vss-chunks/team-49/20261002_194432_15663b45.mp4,2026-10-02T19:44:32.800861,full,2,9.71,2
02595,s3://team-49-vss-chunks/team-49/20261002_194438_6dfb0836.mp4,2026-10-02T19:44:38.147291,full,2,9.53,2
02599,s3://team-49-vss-chunks/team-49/20261002_194431_fa057658.mp4,2026-10-02T19:44:31.595219,full,2,10.17,2
02600,s3://team-49-vss-chunks/team-49/20261002_194433_57f9fcae.mp4,2026-10-02T19:44:33.574172,full,2,9.67,2
02603,s3://team-49-vss-chunks/team-49/20261002_201214_d0ad72b2.mp4,2026-10-02T20:12:14.657274,pending,,,1
02608,s3://team-49-vss-chunks/team-49/20261002_194436_328b75f0.mp4,2026-10-02T19:44:36.661003,full,2,9.63,2
02609,s3://team-49-vss-chunks/team-49/20261002_201215_33347349.mp4,2026-10-02T20:12:15.406924,full,2,10.07,1
02612,s3://team-49-vss-chunks/team-49/20261002_194434_ab1586ec.mp4,2026-10-02T19:44:34.605572,full,2,10.03,2
02613,s3://team-49-vss-chunks/team-49/20261002_194436_79bcac5f.mp4,2026-10-02T19:44:36.091050,full,2,9.77,2
02615,s3://team-49-vss-chunks/team-49/20261002_194435_fbee6553.mp4,2026-10-02T19:44:35.455618,full,2,10.33,2
02617,s3://team-49-vss-chunks/team-49/20261002_201215_3cc69fef.mp4,2026-10-02T20:12:15.774159,full,2,9.67,1
02618,s3://team-49-vss-chunks/team-49/20261002_201216_71349c17.mp4,2026-10-02T20:12:16.112286,full,2,9.93,1
02620,s3://team-49-vss-chunks/team-49/20261002_194426_0ed5f5cd.mp4,2026-10-02T19:44:26.766704,full,2,10.13,2
02621,s3://team-49-vss-chunks/team-49/20261002_201216_7f9b07c7.mp4,2026-10-02T20:12:16.363028,full,2,7.33,1
02623,s3://team-49-vss-chunks/team-49/20261002_201216_32c3813f.mp4,2026-10-02T20:12:16.840451,full,2,9.66,1
02624,s3://team-49-vss-chunks/team-49/20261002_201217_60124bfa.mp4,2026-10-02T20:12:17.099292,pending,,,1
02628,s3://team-49-vss-chunks/team-49/20261002_194420_15bbdaab.mp4,2026-10-02T19:44:20.356472,full,3,10.67,2
02630,s3://team-49-vss-chunks/team-49/20261002_201217_eb121b7a.mp4,2026-10-02T20:12:17.873382,pending,,,1
02631,s3://team-49-vss-chunks/team-49/20261002_201218_51ed00e2.mp4,2026-10-02T20:12:18.178487,pending,,,1
02632,s3://team-49-vss-chunks/team-49/20261002_194430_91d37891.mp4,2026-10-02T19:44:30.106890,full,2,9.74,2
02634,s3://team-49-vss-chunks/team-49/20261002_201218_bfc8e04c.mp4,2026-10-02T20:12:18.417585,pending,,,1
02635,s3://team-49-vss-chunks/team-49/20261002_194423_0ac12113.mp4,2026-10-02T19:44:23.090057,full,2,9.6,2
02636,s3://team-49-vss-chunks/team-49/20261002_194429_44c7965c.mp4,2026-10-02T19:44:29.166108,full,2,10.37,2
02639,s3://team-49-vss-chunks/team-49/20261002_194418_6be3fdc1.mp4,2026-10-02T19:44:18.027431,full,2,9.58,2
02640,s3://team-49-vss-chunks/team-49/20261002_201219_00104972.mp4,2026-10-02T20:12:19.045902,pending,,,1
02641,s3://team-49-vss-chunks/team-49/20261002_201219_fdc0cfeb.mp4,2026-10-02T20:12:19.309124,full,2,9.93,1
02646,s3://team-49-vss-chunks/team-49/20261002_201219_34d340f9.mp4,2026-10-02T20:12:19.948357,full,2,10.43,1
02652,s3://team-49-vss-chunks/team-49/20261002_201220_0baecce6.mp4,2026-10-02T20:12:20.254531,full,2,7.5,1
02655,s3://team-49-vss-chunks/team-49/20261002_194428_92df1729.mp4,2026-10-02T19:44:28.204170,full,2,8.13,2
02656,s3://team-49-vss-chunks/team-49/20261002_194422_505fe941.mp4,2026-10-02T19:44:22.263592,full,2,9.7,2
02662,s3://team-49-vss-chunks/team-49/20261002_201220_2c870a97.mp4,2026-10-02T20:12:20.572123,pending,,,1
02664,s3://team-49-vss-chunks/team-49/20261002_201220_dcd5f6c9.mp4,2026-10-02T20:12:20.887820,full,2,10.4,1
02666,s3://team-49-vss-chunks/team-49/20261002_194421_d1d27114.mp4,2026-10-02T19:44:21.157576,full,2,9.87,2
02668,s3://team-49-vss-chunks/team-49/20261002_201221_31203cc8.mp4,2026-10-02T20:12:21.137044,full,2,7.93,1
02672,s3://team-49-vss-chunks/team-49/20261002_201222_4aacf81a.mp4,2026-10-02T20:12:22.605678,full,2,9.97,1
02673,s3://team-49-vss-chunks/team-49/20261002_194419_502deb78.mp4,2026-10-02T19:44:19.308880,full,2,10.0,2
02674,s3://team-49-vss-chunks/team-49/20261002_194401_ae1484b8.mp4,2026-10-02T19:44:01.913786,full,3,10.53,2
02681,s3://team-49-vss-chunks/team-49/20261002_201223_9389ceb4.mp4,2026-10-02T20:12:23.732607,pending,,,1
02683,s3://team-49-vss-chunks/team-49/20261002_194418_488b1e83.mp4,2026-10-02T19:44:18.537819,full,2,9.5,2
02685,s3://team-49-vss-chunks/team-49/20261002_201224_4d00e843.mp4,2026-10-02T20:12:24.568511,full,2,8.0,1
02686,s3://team-49-vss-chunks/team-49/20261002_194415_94eade36.mp4,2026-10-02T19:44:15.359104,full,2,9.48,2
02687,s3://team-49-vss-chunks/team-49/20261002_194416_f6b9895a.mp4,2026-10-02T19:44:16.443490,full,2,9.51,2
02688,s3://team-49-vss-chunks/team-49/20261002_201225_cd487178.mp4,2026-10-02T20:12:25.138783,full,2,9.93,1
02689,s3://team-49-vss-chunks/team-49/20261002_201225_e5df888d.mp4,2026-10-02T20:12:25.474955,pending,,,1
02690,s3://team-49-vss-chunks/team-49/20261002_201225_d1f8a55d.mp4,2026-10-02T20:12:25.944791,full,2,9.83,1
02691,s3://team-49-vss-chunks/team-49/20261002_194416_e68dafbb.mp4,2026-10-02T19:44:16.952174,full,2,10.26,2
02692,s3://team-49-vss-chunks/team-49/20261002_194415_5686460d.mp4,2026-10-02T19:44:15.957541,full,2,9.67,2
02693,s3://team-49-vss-chunks/team-49/20261002_194414_ac644f93.mp4,2026-10-02T19:44:14.743003,full,2,10.13,2
02694,s3://team-49-vss-chunks/team-49/20261002_201226_c67c4848.mp4,2026-10-02T20:12:26.492441,full,2,9.87,1
02695,s3://team-49-vss-chunks/team-49/20261002_194413_294dbd28.mp4,2026-10-02T19:44:13.387989,full,2,10.36,2
02696,s3://team-49-vss-chunks/team-49/20261002_201227_56e5e4c8.mp4,2026-10-02T20:12:27.115173,pending,,,1
02699,s3://team-49-vss-chunks/team-49/20261002_201227_9f4eb6e6.mp4,2026-10-02T20:12:27.572350,pending,,,1
02700,s3://team-49-vss-chunks/team-49/20261002_194414_1d232f26.mp4,2026-10-02T19:44:14.041887,full,2,9.7,2
02702,s3://team-49-vss-chunks/team-49/20261002_194412_784d8b5f.mp4,2026-10-02T19:44:12.734158,full,2,9.97,2
02703,s3://team-49-vss-chunks/team-49/20261002_194346_e39a1627.mp4,2026-10-02T19:43:46.638320,full,2,10.2,2
02704,s3://team-49-vss-chunks/team-49/20261002_201228_95f22aeb.mp4,2026-10-02T20:12:28.291839,full,2,9.77,1
02708,s3://team-49-vss-chunks/team-49/20261002_194200_f47d1b41.mp4,2026-10-02T19:42:00.491171,full,2,9.93,2
02710,s3://team-49-vss-chunks/team-49/20261002_201228_255a663c.mp4,2026-10-02T20:12:28.824360,full,2,9.97,1
02713,s3://team-49-vss-chunks/team-49/20261002_194411_45f35dc7.mp4,2026-10-02T19:44:11.888681,full,2,9.9,2
02714,s3://team-49-vss-chunks/team-49/20261002_201229_d8e6ebc7.mp4,2026-10-02T20:12:29.170732,full,2,7.97,1
02716,s3://team-49-vss-chunks/team-49/20261002_201229_034602f5.mp4,2026-10-02T20:12:29.629475,pending,,,1
02724,s3://team-49-vss-chunks/team-49/20261002_201230_bd558a44.mp4,2026-10-02T20:12:30.112137,full,2,9.56,1
02725,s3://team-49-vss-chunks/team-49/20261002_194349_5be1a1c2.mp4,2026-10-02T19:43:49.056177,full,2,9.9,2
02727,s3://team-49-vss-chunks/team-49/20261002_201230_3e2ccfbb.mp4,2026-10-02T20:12:30.570712,pending,,,1
02728,s3://team-49-vss-chunks/team-49/20261002_201231_185cd63c.mp4,2026-10-02T20:12:31.135273,pending,,,1
02729,s3://team-49-vss-chunks/team-49/20261002_201232_37623f90.mp4,2026-10-02T20:12:32.434964,full,2,9.9,1
02730,s3://team-49-vss-chunks/team-49/20261002_194158_d6a31d98.mp4,2026-10-02T19:41:58.650822,full,2,10.39,2
02732,s3://team-49-vss-chunks/team-49/20261002_201233_956b9bdc.mp4,2026-10-02T20:12:33.358889,full,2,9.77,1
02733,s3://team-49-vss-chunks/team-49/20261002_201234_3ae233e4.mp4,2026-10-02T20:12:34.156011,full,2,9.73,1
02734,s3://team-49-vss-chunks/team-49/20261002_201234_3b2c3f25.mp4,2026-10-02T20:12:34.601729,full,2,10.07,1
02736,s3://team-49-vss-chunks/team-49/20261002_194156_4d81d539.mp4,2026-10-02T19:41:56.817141,full,2,9.76,2
02739,s3://team-49-vss-chunks/team-49/20261002_194343_9fe4b818.mp4,2026-10-02T19:43:43.419119,full,2,9.9,2
02740,s3://team-49-vss-chunks/team-49/20261002_201235_c03b7350.mp4,2026-10-02T20:12:35.189445,pending,,,1
02741,s3://team-49-vss-chunks/team-49/20261002_194157_194c52bf.mp4,2026-10-02T19:41:57.390819,full,2,9.8,2
02744,s3://team-49-vss-chunks/team-49/20261002_194155_b78e183e.mp4,2026-10-02T19:41:55.788493,full,2,9.73,2
02745,s3://team-49-vss-chunks/team-49/20261002_194152_b4e4864e.mp4,2026-10-02T19:41:52.060568,full,3,10.62,2
02746,s3://team-49-vss-chunks/team-49/20261002_194155_8f0ffbd9.mp4,2026-10-02T19:41:55.144693,full,2,9.64,2
02747,s3://team-49-vss-chunks/team-49/20261002_194154_e09ad135.mp4,2026-10-02T19:41:54.087154,full,2,10.03,2
02749,s3://team-49-vss-chunks/team-49/20261002_194145_7b6c2827.mp4,2026-10-02T19:41:45.293151,full,2,10.1,2
02751,s3://team-49-vss-chunks/team-49/20261002_194152_6c54ee38.mp4,2026-10-02T19:41:52.624677,full,3,10.52,2
02753,s3://team-49-vss-chunks/team-49/20261002_201235_216358ec.mp4,2026-10-02T20:12:35.553672,full,2,7.57,1
02755,s3://team-49-vss-chunks/team-49/20261002_201236_ace484f9.mp4,2026-10-02T20:12:36.191867,full,2,9.94,1
02758,s3://team-49-vss-chunks/team-49/20261002_194151_d865fe57.mp4,2026-10-02T19:41:51.244194,full,3,10.52,2
02763,s3://team-49-vss-chunks/team-49/20261002_201236_f2db5fd7.mp4,2026-10-02T20:12:36.676204,full,2,7.53,1
02764,s3://team-49-vss-chunks/team-49/20261002_194150_be561c13.mp4,2026-10-02T19:41:50.425952,full,2,9.53,2
02765,s3://team-49-vss-chunks/team-49/20261002_194139_3fdd39d4.mp4,2026-10-02T19:41:39.069201,full,2,9.67,2
02767,s3://team-49-vss-chunks/team-49/20261002_194143_27c1f38e.mp4,2026-10-02T19:41:43.067628,full,2,10.46,2
02769,s3://team-49-vss-chunks/team-49/20261002_194137_1cd11e27.mp4,2026-10-02T19:41:37.160011,full,2,9.97,2
02770,s3://team-49-vss-chunks/team-49/20261002_201237_ea788d6e.mp4,2026-10-02T20:12:37.039577,full,2,10.2,1
02771,s3://team-49-vss-chunks/team-49/20261002_194148_e9254ee3.mp4,2026-10-02T19:41:48.024638,full,2,10.2,2
02774,s3://team-49-vss-chunks/team-49/20261002_201237_5014ef8b.mp4,2026-10-02T20:12:37.591533,full,2,9.6,1
02781,s3://team-49-vss-chunks/team-49/20261002_194149_ecf36b95.mp4,2026-10-02T19:41:49.375562,full,2,10.27,2
02783,s3://team-49-vss-chunks/team-49/20261002_194138_caca5772.mp4,2026-10-02T19:41:38.012111,full,2,9.57,2
02786,s3://team-49-vss-chunks/team-49/20261002_194132_446c2b5b.mp4,2026-10-02T19:41:32.180095,full,2,9.83,2
02787,s3://team-49-vss-chunks/team-49/20261002_194133_4e006909.mp4,2026-10-02T19:41:33.982672,full,2,9.7,2
02791,s3://team-49-vss-chunks/team-49/20261002_201302_d3946dee.mp4,2026-10-02T20:13:02.705611,full,2,9.9,1
02793,s3://team-49-vss-chunks/team-49/20261002_194135_00b0816f.mp4,2026-10-02T19:41:35.608239,full,2,10.4,2
02794,s3://team-49-vss-chunks/team-49/20261002_194134_832e3165.mp4,2026-10-02T19:41:34.976345,full,2,9.77,2
02797,s3://team-49-vss-chunks/team-49/20261002_201303_430e3366.mp4,2026-10-02T20:13:03.382631,full,2,9.9,1
02798,s3://team-49-vss-chunks/team-49/20261002_201304_ece26330.mp4,2026-10-02T20:13:04.280835,full,2,9.5,1
02800,s3://team-49-vss-chunks/team-49/20261002_194129_2f7271a1.mp4,2026-10-02T19:41:29.914028,full,2,9.97,2
02801,s3://team-49-vss-chunks/team-49/20261002_194130_0afcd9a8.mp4,2026-10-02T19:41:30.688182,full,2,10.13,2
02804,s3://team-49-vss-chunks/team-49/20261002_194131_ff1bb0f2.mp4,2026-10-02T19:41:31.370420,full,2,9.77,2
02805,s3://team-49-vss-chunks/team-49/20261002_201304_13cb0a28.mp4,2026-10-02T20:13:04.859661,full,2,9.8,1
02807,s3://team-49-vss-chunks/team-49/20261002_194128_66ac6e99.mp4,2026-10-02T19:41:28.432329,full,2,10.13,2
02809,s3://team-49-vss-chunks/team-49/20261002_194126_7f2baafa.mp4,2026-10-02T19:41:26.386193,full,2,9.63,2
02811,s3://team-49-vss-chunks/team-49/20261002_201305_b31e4b45.mp4,2026-10-02T20:13:05.734540,full,2,9.73,1
02812,s3://team-49-vss-chunks/team-49/20261002_194125_b8c2f1f8.mp4,2026-10-02T19:41:25.441917,full,2,10.23,2
02815,s3://team-49-vss-chunks/team-49/20261002_201306_3ce39ab5.mp4,2026-10-02T20:13:06.229620,full,2,10.43,1
02816,s3://team-49-vss-chunks/team-49/20261002_194126_87f1b5cc.mp4,2026-10-02T19:41:26.958206,full,3,10.58,2
02818,s3://team-49-vss-chunks/team-49/20261002_194128_05aaeb8e.mp4,2026-10-02T19:41:28.857411,full,2,10.31,2
02821,s3://team-49-vss-chunks/team-49/20261002_201306_bfa6e1f3.mp4,2026-10-02T20:13:06.565783,full,2,7.67,1
02822,s3://team-49-vss-chunks/team-49/20261002_201306_d55e7bd7.mp4,2026-10-02T20:13:06.943731,full,2,10.2,1
02823,s3://team-49-vss-chunks/team-49/20261002_201307_b10c8d0b.mp4,2026-10-02T20:13:07.385627,full,2,9.87,1
02826,s3://team-49-vss-chunks/team-49/20261002_201307_1ca59e3a.mp4,2026-10-02T20:13:07.786540,full,2,10.07,1
02827,s3://team-49-vss-chunks/team-49/20261002_201308_54181eb7.mp4,2026-10-02T20:13:08.120615,pending,,,1
02828,s3://team-49-vss-chunks/team-49/20261002_194127_2f86792b.mp4,2026-10-02T19:41:27.557932,full,2,10.0,2
02829,s3://team-49-vss-chunks/team-49/20261002_201308_58081529.mp4,2026-10-02T20:13:08.723275,pending,,,1
02831,s3://team-49-vss-chunks/team-49/20261002_194124_50048c00.mp4,2026-10-02T19:41:24.081056,full,2,9.97,2
02832,s3://team-49-vss-chunks/team-49/20261002_201309_35082375.mp4,2026-10-02T20:13:09.334128,full,3,10.5,1
02833,s3://team-49-vss-chunks/team-49/20261002_194123_939fb8f7.mp4,2026-10-02T19:41:23.074823,full,2,10.0,2
02836,s3://team-49-vss-chunks/team-49/20261002_194124_3f711e86.mp4,2026-10-02T19:41:24.535697,full,2,9.53,2
02840,s3://team-49-vss-chunks/team-49/20261002_194121_eac87d6d.mp4,2026-10-02T19:41:21.797067,full,2,9.79,2
02845,s3://team-49-vss-chunks/team-49/20261002_194121_433d7651.mp4,2026-10-02T19:41:21.233508,full,2,9.97,2
02846,s3://team-49-vss-chunks/team-49/20261002_201310_48c891ef.mp4,2026-10-02T20:13:10.131590,pending,,,1
02848,s3://team-49-vss-chunks/team-49/20261002_201311_67a5baec.mp4,2026-10-02T20:13:11.047853,pending,,,1
02851,s3://team-49-vss-chunks/team-49/20261002_201311_b212ae00.mp4,2026-10-02T20:13:11.473194,full,2,9.97,1
02853,s3://team-49-vss-chunks/team-49/20261002_201311_8959c42e.mp4,2026-10-02T20:13:11.842107,full,2,10.24,1
02854,s3://team-49-vss-chunks/team-49/20261002_194120_a3794df8.mp4,2026-10-02T19:41:20.656484,full,2,9.63,2
02855,s3://team-49-vss-chunks/team-49/20261002_194113_1bca97f8.mp4,2026-10-02T19:41:13.060590,full,2,8.87,2
02856,s3://team-49-vss-chunks/team-49/20261002_194119_1d3f3c25.mp4,2026-10-02T19:41:19.694112,full,2,10.0,2
02857,s3://team-49-vss-chunks/team-49/20261002_201312_2de356e3.mp4,2026-10-02T20:13:12.563174,full,2,9.93,1
02858,s3://team-49-vss-chunks/team-49/20261002_201312_3c29e3b3.mp4,2026-10-02T20:13:12.934602,full,2,10.17,1
02859,s3://team-49-vss-chunks/team-49/20261002_201313_73783daf.mp4,2026-10-02T20:13:13.425139,full,2,9.49,1
02860,s3://team-49-vss-chunks/team-49/20261002_201314_ab7efb99.mp4,2026-10-02T20:13:14.894808,pending,,,1
02862,s3://team-49-vss-chunks/team-49/20261002_201316_de75fcc3.mp4,2026-10-02T20:13:16.253855,pending,,,1
02863,s3://team-49-vss-chunks/team-49/20261002_201316_d9e7b43b.mp4,2026-10-02T20:13:16.899432,full,2,10.2,1
02866,s3://team-49-vss-chunks/team-49/20261002_194118_c4029ccc.mp4,2026-10-02T19:41:18.265305,full,2,10.2,2
02868,s3://team-49-vss-chunks/team-49/20261002_194111_3a5b966f.mp4,2026-10-02T19:41:11.518428,full,2,10.4,2
02870,s3://team-49-vss-chunks/team-49/20261002_194116_a4202d9b.mp4,2026-10-02T19:41:16.054698,full,2,8.47,2
02872,s3://team-49-vss-chunks/team-49/20261002_201319_ee26c9bd.mp4,2026-10-02T20:13:19.384617,full,2,9.27,1
02873,s3://team-49-vss-chunks/team-49/20261002_194117_1529862a.mp4,2026-10-02T19:41:17.315987,full,2,10.1,2
02874,s3://team-49-vss-chunks/team-49/20261002_201320_b6fda565.mp4,2026-10-02T20:13:20.799278,full,2,10.37,1
02877,s3://team-49-vss-chunks/team-49/20261002_201321_49a89ba3.mp4,2026-10-02T20:13:21.505671,full,2,10.49,1
02879,s3://team-49-vss-chunks/team-49/20261002_201322_e2b2302e.mp4,2026-10-02T20:13:22.374692,pending,,,1
02883,s3://team-49-vss-chunks/team-49/20261002_201323_546d3f35.mp4,2026-10-02T20:13:23.030002,full,2,9.77,1
02885,s3://team-49-vss-chunks/team-49/20261002_194113_38af5487.mp4,2026-10-02T19:41:13.831921,full,2,9.77,2
02888,s3://team-49-vss-chunks/team-49/20261002_194109_61f8f922.mp4,2026-10-02T19:41:09.245291,full,2,10.37,2
02889,s3://team-49-vss-chunks/team-49/20261002_194110_bc91adb7.mp4,2026-10-02T19:41:10.507932,full,2,9.48,2
02890,s3://team-49-vss-chunks/team-49/20261002_194106_f07a9b7a.mp4,2026-10-02T19:41:06.879409,full,2,10.03,2
02893,s3://team-49-vss-chunks/team-49/20261002_201323_150f57ba.mp4,2026-10-02T20:13:23.731944,full,2,9.8,1
02894,s3://team-49-vss-chunks/team-49/20261002_201324_04899b23.mp4,2026-10-02T20:13:24.245607,full,2,7.5,1
02903,s3://team-49-vss-chunks/team-49/20261002_194110_e4854d45.mp4,2026-10-02T19:41:10.013769,full,2,9.87,2
02904,s3://team-49-vss-chunks/team-49/20261002_201324_ff0fee1a.mp4,2026-10-02T20:13:24.717979,full,2,9.73,1
02905,s3://team-49-vss-chunks/team-49/20261002_201325_3292a631.mp4,2026-10-02T20:13:25.523216,full,2,9.83,1
02906,s3://team-49-vss-chunks/team-49/20261002_201326_95e53af4.mp4,2026-10-02T20:13:26.056187,full,2,9.77,1
02915,s3://team-49-vss-chunks/team-49/20261002_194108_4abdce47.mp4,2026-10-02T19:41:08.035683,full,2,9.77,2
