id,score
2,0.79296
9,0.67160
20,0.77070
30,0.56757
35,0.74687
38,0.44529
45,0.71000
51,0.70556
67,0.75097
70,0.45142
75,0.74537
87,0.77063
91,0.71882
92,0.57378
94,0.58646
101,0.34215
107,0.52201
113,0.68035
116,0.72488
120,0.47109
137,0.80223
146,0.76101
156,0.50731
159,0.81544
161,0.75221
176,0.73366
185,0.35890
193,0.78675
196,0.69566
204,0.51346
211,0.35623
215,0.71857
219,0.74605
221,0.59197
230,0.76847
231,0.78172
258,0.49951
261,0.48124
267,0.72972
268,0.51235
277,0.46984
278,0.72681
279,0.80118
280,0.71305
297,0.30549
299,0.50715
304,0.72274
305,0.64268
316,0.73631
322,0.56356
323,0.74771
338,0.69025
346,0.39399
347,0.62626
350,0.38973
374,0.56242
385,0.54471
386,0.76640
390,0.75007
399,0.76809
400,0.32103
419,0.52964
421,0.75851
432,0.36574
436,0.39789
439,0.29075
448,0.50270
451,0.76282
462,0.54105
482,0.29617
484,0.49479
492,0.67385
511,0.77798
535,0.80356
545,0.37541
548,0.72898
559,0.51595
561,0.49449
572,0.77930
612,0.73528
619,0.63478
620,0.77056
628,0.37759
631,0.63081
649,0.52507
654,0.61035
681,0.72952
689,0.44648
708,0.52250
711,0.54320
717,0.38219
720,0.61684
724,0.76938
726,0.51342
728,0.59780
732,0.74088
738,0.71560
743,0.77722
756,0.66698
760,0.71918
764,0.73471
767,0.39651
770,0.52241
772,0.72254
775,0.59029
778,0.45260
779,0.48280
781,0.69397
799,0.51930
801,0.44856
806,0.51541
812,0.55019
821,0.70140
829,0.50763
853,0.35709
862,0.68854
878,0.77599
886,0.45618
892,0.75598
894,0.74325
908,0.41639
920,0.86270
925,0.26169
933,0.51832
946,0.36253
962,0.72870
969,0.70593
975,0.71112
984,0.45763
987,0.63729
992,0.50380
993,0.74486
994,0.72622
1006,0.50649
1007,0.59720
1009,0.72025
1010,0.68057
1017,0.54292
1023,0.70977
1030,0.74395
1032,0.43725
1038,0.37334
1044,0.34453
1056,0.32675
1059,0.33077
1065,0.36899
1068,0.47023
1083,0.76774
1101,0.57759
1110,0.34206
1113,0.71791
1125,0.49283
1126,0.34921
1139,0.30137
1143,0.48540
1149,0.45735
1151,0.39545
1152,0.31255
1154,0.55786
1158,0.41990
1166,0.44873
1169,0.50500
1179,0.36099
1181,0.71077
1201,0.46226
1203,0.31182
1208,0.24317
1216,0.31315
1239,0.54249
1244,0.44929
1246,0.30400
1247,0.73259
1253,0.73958
1264,0.66420
1274,0.47728
1275,0.32886
1297,0.40693
1310,0.29505
1312,0.26213
1316,0.44367
1330,0.46754
1347,0.44461
1353,0.34270
1367,0.46395
1375,0.56314
1389,0.54491
1398,0.26805
1409,0.46959
1410,0.42702
1432,0.76809
1450,0.76433
1472,0.57149
1479,0.21370
1480,0.30891
1481,0.45286
1483,0.28782
1502,0.39489
1512,0.52723
1513,0.38392
1531,0.56666
1549,0.31885
1555,0.29867
1561,0.29071
1565,0.28992
1567,0.28608
1575,0.41933
1576,0.32862
1610,0.44605
1633,0.38721
1636,0.25331
1644,0.30952
1648,0.34109
1650,0.42493
1651,0.33583
1668,0.47947
1672,0.57324
1675,0.42005
1676,0.26498
1677,0.35737
1686,0.41177
1688,0.48758
1692,0.66823
1715,0.48668
1731,0.32424
1744,0.53845
1745,0.46637
1751,0.22719
1758,0.69960
1764,0.75075
1769,0.36512
1774,0.29310
1777,0.34957
1782,0.26608
1794,0.33028
1804,0.38844
1808,0.29112
1814,0.32287
1820,0.27813
1826,0.26993
1831,0.45675
1836,0.57489
1854,0.42852
1855,0.32793
1856,0.54549
1859,0.43839
1861,0.77004
1863,0.31649
1873,0.22574
1876,0.72355
1877,0.32272
1886,0.42166
1895,0.25112
1898,0.31883
1902,0.78300
1905,0.47096
1907,0.26589
1927,0.41303
1938,0.30494
1940,0.68401
1945,0.48480
1947,0.70022
1956,0.48903
1965,0.50984
1974,0.35535
1982,0.30033
1984,0.44887
1993,0.30815
1997,0.67415
2008,0.58389
2010,0.41422
2043,0.73762
2047,0.46469
2057,0.56140
2065,0.56803
2068,0.25299
2073,0.47686
2082,0.29227
2091,0.31686
2093,0.27254
2098,0.27508
2101,0.27451
2107,0.27479
2109,0.55193
2123,0.47101
2140,0.41628
2141,0.67673
2142,0.33195
2143,0.52273
2146,0.51146
2150,0.40271
2151,0.37273
2152,0.48515
2153,0.21313
2155,0.35673
2157,0.35349
2158,0.34169
2160,0.55753
2162,0.45822
2164,0.73374
2165,0.24699
2166,0.65266
2167,0.69303
2169,0.39215
2170,0.24694
2175,0.53069
2176,0.37638
2177,0.32488
2178,0.65962
2181,0.48040
2184,0.70446
2185,0.75574
2187,0.45603
2188,0.52076
2190,0.43725
2193,0.51391
2195,0.53643
2196,0.50182
2197,0.30264
2199,0.82882
2200,0.62398
2202,0.51543
2204,0.68343
2205,0.70168
2207,0.58616
2208,0.51212
2209,0.48897
2211,0.32657
2212,0.33610
2214,0.47100
2215,0.71721
2216,0.55076
2218,0.27658
2222,0.36714
2230,0.30375
2233,0.29254
2234,0.35637
2236,0.53976
2237,0.42129
2238,0.48613
2241,0.48696
2242,0.48643
2243,0.37234
2245,0.27146
2250,0.40733
2253,0.60910
2254,0.51320
2255,0.45916
2257,0.47263
2259,0.28702
2260,0.69219
2261,0.72793
2262,0.52508
2265,0.46689
2266,0.72505
2267,0.77832
2270,0.76645
2271,0.73874
2273,0.56111
2276,0.71672
2278,0.30652
2279,0.48088
2280,0.47309
2282,0.64666
2283,0.48581
2287,0.46731
2289,0.26865
2290,0.31228
2292,0.73965
2297,0.51183
2299,0.72069
2303,0.58184
2305,0.76369
2306,0.53420
2310,0.30816
2316,0.69276
2317,0.36437
2319,0.75655
2320,0.78115
2322,0.48042
2323,0.34687
2330,0.73826
2331,0.29832
2333,0.47283
2335,0.57140
2336,0.38808
2339,0.29190
2343,0.46267
2345,0.77779
2347,0.46058
2348,0.31061
2350,0.43295
2351,0.26322
2354,0.34123
2357,0.50164
2359,0.36552
2361,0.34636
2363,0.31240
2366,0.75238
2368,0.37135
2369,0.58542
2370,0.52700
2371,0.33781
2373,0.48404
2374,0.47906
2375,0.32797
2377,0.32541
2378,0.82064
2379,0.52274
2382,0.40874
2384,0.74646
2385,0.74853
2386,0.41356
2387,0.38235
2389,0.39495
2391,0.73944
2396,0.58946
2397,0.54655
2398,0.28005
2400,0.29330
2401,0.46494
2403,0.39709
2405,0.47713
2406,0.37079
2410,0.74603
2411,0.29005
2413,0.54079
2428,0.44425
2429,0.27070
2433,0.65297
2434,0.69844
2435,0.79390
2441,0.61372
2442,0.76201
2448,0.41560
2449,0.49552
2451,0.25151
2452,0.32354
2454,0.49653
2458,0.42642
2459,0.69579
2461,0.34097
2463,0.30772
2467,0.28727
2468,0.53127
2472,0.75459
2473,0.54471
2474,0.73223
2475,0.28969
2476,0.53484
2477,0.36399
2478,0.26245
2479,0.74931
2482,0.56703
2484,0.61987
2490,0.41819
2491,0.53218
2493,0.33452
2494,0.76074
2495,0.29423
2496,0.76030
2497,0.70386
2498,0.43144
2499,0.68610
2500,0.51889
2501,0.33607
2502,0.57052
2503,0.28614
2505,0.71902
2509,0.39323
2510,0.28582
2511,0.51957
2512,0.78258
2515,0.58949
2517,0.47891
2518,0.71477
2522,0.66914
2524,0.29596
2530,0.34251
2533,0.53433
2534,0.31569
2537,0.73069
2538,0.55222
2539,0.29457
2540,0.35742
2541,0.36443
2543,0.54926
2544,0.31673
2545,0.33175
2548,0.69168
2555,0.48757
2556,0.72877
2557,0.74549
2561,0.35293
2562,0.27799
2563,0.72218
2565,0.32316
2566,0.44824
2567,0.54403
2568,0.54172
2572,0.44929
2573,0.32802
2576,0.54019
2579,0.57067
2581,0.79588
2582,0.36325
2583,0.44472
2587,0.33386
2588,0.25737
2591,0.23382
2592,0.31686
2594,0.61387
2595,0.48656
2599,0.74071
2600,0.33164
2603,0.27201
2608,0.41815
2609,0.70575
2612,0.46018
2613,0.34714
2615,0.43761
2617,0.34462
2618,0.31877
2620,0.49646
2621,0.43477
2623,0.34829
2624,0.29105
2628,0.51782
2630,0.53885
2631,0.32315
2632,0.54583
2634,0.21393
2635,0.48291
2636,0.50024
2639,0.48592
2640,0.44132
2641,0.30760
2646,0.41464
2652,0.26948
2655,0.48637
2656,0.48108
2662,0.29035
2664,0.30617
2666,0.60634
2668,0.31527
2672,0.70487
2673,0.47473
2674,0.49838
2681,0.25604
2683,0.69047
2685,0.41053
2686,0.74744
2687,0.75901
2688,0.41448
2689,0.26827
2690,0.37987
2691,0.36893
2692,0.48307
2693,0.48423
2694,0.43331
2695,0.68865
2696,0.44710
2699,0.26031
2700,0.51668
2702,0.74100
2703,0.43590
2704,0.34970
2708,0.41535
2710,0.29464
2713,0.67743
2714,0.29599
2716,0.32324
2724,0.43653
2725,0.45484
2727,0.46837
2728,0.71819
2729,0.64395
2730,0.72863
2732,0.27667
2733,0.52995
2734,0.49555
2736,0.51339
2739,0.48497
2740,0.49758
2741,0.69180
2744,0.41515
2745,0.58867
2746,0.54344
2747,0.56707
2749,0.45354
2751,0.55860
2753,0.34107
2755,0.39380
2758,0.73298
2763,0.28452
2764,0.81128
2765,0.56051
2767,0.38731
2769,0.31020
2770,0.33926
2771,0.44372
2774,0.37908
2781,0.62427
2783,0.52168
2786,0.40361
2787,0.59745
2791,0.72928
2793,0.45256
2794,0.72222
2797,0.30074
2798,0.43456
2800,0.46067
2801,0.56214
2804,0.55693
2805,0.38176
2807,0.41075
2809,0.73216
2811,0.28460
2812,0.51007
2815,0.48642
2816,0.72365
2818,0.33170
2821,0.29221
2822,0.26735
2823,0.30122
2826,0.41222
2827,0.33444
2828,0.48575
2829,0.48377
2831,0.30314
2832,0.32710
2833,0.49626
2836,0.53840
2840,0.33847
2845,0.55930
2846,0.30923
2848,0.30699
2851,0.34970
2853,0.42032
2854,0.47825
2855,0.75748
2856,0.74219
2857,0.42484
2858,0.52514
2859,0.33572
2860,0.45548
2862,0.57733
2863,0.24878
2866,0.55582
2868,0.47199
2870,0.43187
2872,0.48416
2873,0.56978
2874,0.45179
2877,0.25923
2879,0.42637
2883,0.33959
2885,0.52923
2888,0.33337
2889,0.45318
2890,0.54680
2893,0.30746
2894,0.28663
2903,0.54178
2904,0.65527
2905,0.46350
2906,0.58515
2915,0.53074
